Restaurant,Review,topics,score,topic_name2,keyword
Mo-Mo-Paradise (‡πÇ‡∏° ‡πÇ‡∏° ‡∏û‡∏≤‡∏£‡∏≤‡πÑ‡∏î‡∏ã‡πå) ‡πÄ‡∏î‡∏≠‡∏∞‡∏°‡∏≠‡∏•‡∏•‡πå ‡∏ö‡∏≤‡∏á‡∏Å‡∏∞‡∏õ‡∏¥,"‡∏ó‡∏µ‡πà‡∏™‡∏≥‡∏Ñ‡∏±‡∏ç‡∏Ç‡∏≠‡∏á‡∏£‡πâ‡∏≤‡∏ô‡∏ô‡∏µ‡πâ‡∏Ñ‡∏∑‡∏≠‡∏ö‡∏£‡∏¥‡∏Å‡∏≤‡∏£‡∏î‡∏µ‡∏°‡∏≤‡∏Å‡∏û‡∏ô‡∏±‡∏Å‡∏á‡∏≤‡∏ô‡∏ô‡πà‡∏≤‡∏£‡∏±‡∏Å‡∏™‡∏∏‡∏î‡πÜ‡∏™‡∏∞‡∏≠‡∏≤‡∏î‡∏™‡∏∞‡∏≠‡πâ‡∏≤‡∏ô‡πÉ‡∏™‡πà‡πÉ‡∏à‡∏Ñ‡πà‡∏≠‡∏ô‡∏Ç‡πâ‡∏≤‡∏á‡∏õ‡∏£‡∏∞‡∏ó‡∏±‡∏ö‡πÉ‡∏à‡∏Å‡∏±‡∏ö‡∏Å‡∏≤‡∏£‡∏ö‡∏£‡∏¥‡∏Å‡∏≤‡∏£‡∏£‡∏™‡∏ä‡∏≤‡∏ï‡∏¥‡∏≠‡∏≤‡∏´‡∏≤‡∏£‡∏≠‡∏±‡∏ô‡∏ô‡∏µ‡πâ‡πÅ‡∏õ‡∏•‡∏Å‚Äã‡πÉ‡∏´‡∏°‡πà
‡πÄ‡∏ã‡πá‡∏ó560 ‡∏ö‡∏≤‡∏ó
‡∏≠‡∏≤‡∏´‡∏≤‡∏£‡∏à‡∏≥‡∏Å‡∏±‡∏î‚Äã‡πÑ‡∏°‡πà‡πÑ‡∏î‡πâ‚Äã‡∏´‡∏•‡∏≤‡∏Å‡∏´‡∏•‡∏≤‡∏¢‚Äã‡πÅ‡∏ï‡πà‡πÄ‡∏û‡∏µ‡∏¢‡∏á‚Äã‡∏û‡∏≠‡∏Å‡∏±‡∏ö‡∏Ñ‡∏ß‡∏≤‡∏°‡∏ï‡πâ‡∏≠‡∏á‡∏Å‡∏≤‡∏£
‡πÄ‡∏£‡∏≤‡πÑ‡∏°‡πà‡∏Å‡∏¥‡∏ô‡πÄ‡∏ô‡∏∑‡πâ‡∏≠‚Äã ‡∏Å‡∏¥‡∏ô‡∏™‡∏±‡∏ô‡∏Ñ‡∏≠4 ‡∏ñ‡∏≤‡∏î‚Äã ‡πÄ‡∏õ‡πá‡∏î1
‡πÅ‡∏ü‡∏ô‡∏Å‡∏¥‡∏ô‡πÄ‡∏ô‡∏∑‡πâ‡∏≠‚Äã ‡∏Ñ‡∏∏‡∏ì‚Äã‡∏†‡∏≤‡∏û‚Äã‡∏î‡∏µ
‡∏ô‡πâ‡∏≥‡∏ã‡∏∏‡∏õ‚Äã‡∏î‡∏≥‚Äã‡∏Å‡∏±‡∏ö‡πÄ‡∏ú‡πá‡∏î
‡∏ó‡∏µ‡πà‡∏™‡∏≥‡∏Ñ‡∏±‡∏ç‡∏Ñ‡∏∑‡∏≠‡∏ô‡πâ‡∏≥‡∏à‡∏¥‡πâ‡∏°‡∏≠‡∏£‡πà‡∏≠‡∏¢‡∏°‡∏≤‡∏Å‡πÑ‡∏°‡πà‡πÄ‡∏Ñ‡∏¢‡∏Å‡∏¥‡∏ô‡∏£‡∏™‡∏ä‡∏≤‡∏ï‡∏¥‡πÅ‡∏ö‡∏ö‡∏ô‡∏µ‡πâ‡∏°‡∏≤‡∏Å‡πà‡∏≠‡∏ô‡πÄ‡∏õ‡πá‡∏ô‡πÄ‡∏ï‡πâ‡∏≤‡πÄ‡∏à‡∏µ‡πâ‡∏¢‡∏ß‡∏ô‡∏¥‡∏î‡πÜ‡πÅ‡∏ï‡πà‡∏Å‡πá‡πÑ‡∏°‡πà‡πÑ‡∏î‡πâ‡πÄ‡∏Ñ‡∏•‡∏°‡∏Å‡πá‡∏£‡∏™‡∏ä‡∏≤‡∏ï‡∏¥‡∏î‡∏µ‡∏ô‡∏∞‡∏ñ‡∏≤‡∏°‡∏£‡∏≤‡∏Ñ‡∏≤‡πÇ‡∏î‡∏¢‡∏£‡∏ß‡∏°‡∏Å‡πá‡∏ñ‡∏∑‡∏≠‡∏ß‡πà‡∏≤‡∏Ñ‡∏∏‡πâ‡∏°‡πÄ‡∏û‡∏£‡∏≤‡∏∞‡∏ß‡πà‡∏≤‡πÇ‡∏°‡∏à‡∏¥‡∏≠‡∏£‡πà‡∏≠‡∏¢‡∏°‡∏≤‡∏Å‡πÑ‡∏≠‡∏ï‡∏¥‡∏°‡∏Å‡πá‡∏≠‡∏£‡πà‡∏≠‡∏¢‡πÑ‡∏°‡πà‡∏ï‡πâ‡∏≠‡∏á‡∏≠‡∏≠‡∏Å‡πÑ‡∏õ‡∏Å‡∏¥‡∏ô‡∏Ç‡πâ‡∏≤‡∏á‡∏ô‡∏≠‡∏Å‡∏™‡∏£‡∏∏‡∏õ‡∏£‡∏ß‡∏°‡πÜ‡∏•‡∏∞‡∏Å‡∏±‡∏ô‡∏ß‡πà‡∏≤‡∏õ‡∏£‡∏∞‡∏ó‡∏±‡∏ö‡πÉ‡∏à‡πÉ‡∏ô‡∏ö‡∏£‡∏¥‡∏Å‡∏≤‡∏£‡πÅ‡∏•‡∏∞‡∏Ñ‡∏∏‡∏ì‡∏†‡∏≤‡∏û‡∏Ç‡∏≠‡∏á‡∏≠‡∏≤‡∏´‡∏≤‡∏£",1,0.9984667301177979,"['‡∏Å‡∏¥‡∏ô', '‡∏î‡∏µ', '‡∏ô‡πâ‡∏≥', '‡∏≠‡∏≤‡∏´‡∏≤‡∏£', '‡∏Ñ‡∏ô', '‡πÄ‡∏ô‡∏∑‡πâ‡∏≠', '‡∏ó‡∏≤‡∏ô', '‡∏£‡∏≤‡∏Ñ‡∏≤', '‡∏ö‡∏≤‡∏ó', '‡∏™‡∏î']",['‡πÄ‡∏ß‡∏•‡∏≤']
Mo-Mo-Paradise (‡πÇ‡∏° ‡πÇ‡∏° ‡∏û‡∏≤‡∏£‡∏≤‡πÑ‡∏î‡∏ã‡πå) ‡πÄ‡∏î‡∏≠‡∏∞‡∏°‡∏≠‡∏•‡∏•‡πå ‡∏ö‡∏≤‡∏á‡∏Å‡∏∞‡∏õ‡∏¥,"‡∏ô‡∏∂‡∏Å‡∏ñ‡∏∂‡∏á‡∏ä‡∏≤‡∏ö‡∏π‡∏ç‡∏µ‡πà‡∏õ‡∏∏‡πà‡∏ô‡∏¢‡∏±‡∏á‡πÑ‡∏á‡∏Å‡πá‡∏ï‡πâ‡∏≠‡∏á ‡∏Ñ‡∏¥‡∏î‡∏ñ‡∏∂‡∏á‡πÇ‡∏°‡πÇ‡∏°‡πà ‡∏û‡∏≤‡∏£‡∏≤‡πÑ‡∏î‡∏ã‡πå ‡∏Ñ‡∏∏‡∏ì‡∏†‡∏≤‡∏û‡πÄ‡∏Ñ‡πâ‡∏≤‡∏°‡∏≤‡∏ï‡∏£‡∏≤‡∏ê‡∏≤‡∏ô‡∏à‡∏£‡∏¥‡∏á‡πÜ ‡∏ß‡∏±‡∏ô‡∏ô‡∏µ‡πâ‡∏°‡∏µ‡πÇ‡∏≠‡∏Å‡∏≤‡∏™‡∏°‡∏≤‡∏ó‡∏≤‡∏ô‡∏Å‡πà‡∏≠‡∏ô‡∏£‡πâ‡∏≤‡∏ô‡∏õ‡∏¥‡∏î 30 ‡∏ô‡∏≤‡∏ó‡∏µ ‡∏ó‡∏≤‡∏á‡∏£‡πâ‡∏≤‡∏ô‡∏Å‡πá‡∏ö‡∏£‡∏¥‡∏Å‡∏≤‡∏£‡∏î‡∏µ ‡∏à‡∏∞‡∏°‡∏µ‡∏Å‡πá‡πÅ‡∏ï‡πà‡∏≠‡∏≤‡∏´‡∏≤‡∏£ ‡πÄ‡∏Ñ‡∏£‡∏∑‡πà‡∏≠‡∏á‡∏î‡∏∑‡πà‡∏°‡∏ó‡∏µ‡πà‡∏ó‡∏≤‡∏á‡∏£‡πâ‡∏≤‡∏ô‡πÄ‡∏£‡∏¥‡πà‡∏°‡∏ó‡∏∞‡∏¢‡∏≠‡∏¢‡πÄ‡∏Å‡πá‡∏ö ‡πÅ‡∏ï‡πà‡πÄ‡∏£‡∏≤‡∏Å‡πá‡πÄ‡∏Ç‡πâ‡∏≤‡πÉ‡∏à‡πÄ‡∏û‡∏£‡∏≤‡∏∞‡∏ó‡∏≤‡∏á‡∏£‡πâ‡∏≤‡∏ô‡πÅ‡∏à‡πâ‡∏á‡∏£‡∏≤‡∏¢‡∏•‡∏∞‡πÄ‡∏≠‡∏µ‡∏¢‡∏î‡∏Å‡∏≤‡∏£‡∏á‡∏î‡∏£‡∏±‡∏ö‡∏≠‡∏≠‡∏£‡πå‡πÄ‡∏î‡∏≠‡∏£‡πå‡πÅ‡∏•‡πâ‡∏ß 
           ‡∏™‡∏≤‡∏Ç‡∏≤‡∏ô‡∏µ‡πâ ‡∏û‡∏ô‡∏±‡∏Å‡∏á‡∏≤‡∏ô‡∏ö‡∏£‡∏¥‡∏Å‡∏≤‡∏£‡∏î‡∏µ ‡∏ô‡πà‡∏≤‡∏£‡∏±‡∏Å‡πÄ‡∏õ‡πá‡∏ô‡∏Å‡∏±‡∏ô‡πÄ‡∏≠‡∏á ‡∏Ç‡∏≠‡∏≠‡∏∞‡πÑ‡∏£‡∏Å‡πá‡πÑ‡∏î‡πâ‡∏´‡∏°‡∏î ‡πÑ‡∏°‡πà‡∏°‡∏µ‡πÄ‡∏´‡∏ß‡∏µ‡πà‡∏¢‡∏á ‡πÄ‡∏Ñ‡∏¢‡πÄ‡∏à‡∏≠‡∏™‡∏≤‡∏Ç‡∏≤ ‡∏û‡∏£‡∏∞‡∏£‡∏≤‡∏° 9 ‡∏Ñ‡∏∑‡∏≠ ‡πÑ‡∏°‡πà‡πÇ‡∏≠‡πÄ‡∏Ñ ‡∏û‡∏ô‡∏±‡∏Å‡∏á‡∏≤‡∏ô ‡πÑ‡∏°‡πà‡∏û‡∏£‡πâ‡∏≠‡∏°‡∏ó‡∏≥‡∏á‡∏≤‡∏ô‡∏°‡∏≤‡∏Å CTW ‡πÅ‡∏°‡πâ‡∏à‡∏∞‡πÄ‡∏õ‡πá‡∏ô‡∏û‡∏£‡∏µ‡πÄ‡∏°‡∏µ‡∏¢‡∏°‡∏Å‡∏≤‡∏£‡∏ö‡∏£‡∏¥‡∏Å‡∏≤‡∏£‡∏Å‡πá‡∏™‡∏π‡πâ‡∏™‡∏≤‡∏Ç‡∏≤‡∏ô‡∏µ‡πâ‡πÑ‡∏°‡πà‡πÑ‡∏î‡πâ Terminal 21 ‡∏•‡∏π‡∏Å‡∏Ñ‡πâ‡∏≤‡πÄ‡∏¢‡∏≠‡∏∞",4,0.9973406195640564,"['‡∏î‡∏µ', '‡πÄ‡∏ô‡∏∑‡πâ‡∏≠', '‡∏ó‡∏≤‡∏ô', '‡∏≠‡∏£‡πà‡∏≠‡∏¢', '‡∏™‡∏≤‡∏Ç‡∏≤', '‡∏ô‡πâ‡∏≥', '‡πÄ‡∏•‡∏∑‡∏≠‡∏Å', '‡∏£‡∏≤‡∏Ñ‡∏≤', '‡∏≠‡∏≤‡∏´‡∏≤‡∏£', '‡∏´‡∏ß‡∏≤‡∏ô']","['‡∏ä‡∏≤‡∏ö‡∏π', '‡∏ö‡∏£‡∏¥‡∏Å‡∏≤‡∏£', '‡∏Ñ‡∏∏‡∏ì‡∏†‡∏≤‡∏û', '‡∏û‡∏ô‡∏±‡∏Å‡∏á‡∏≤‡∏ô', '‡∏ô‡∏∂‡∏Å', '‡∏ô‡∏±‡πà‡∏á']"
Mo-Mo-Paradise (‡πÇ‡∏° ‡πÇ‡∏° ‡∏û‡∏≤‡∏£‡∏≤‡πÑ‡∏î‡∏ã‡πå) ‡πÄ‡∏î‡∏≠‡∏∞‡∏°‡∏≠‡∏•‡∏•‡πå ‡∏ö‡∏≤‡∏á‡∏Å‡∏∞‡∏õ‡∏¥,"‡∏°‡∏≤‡∏ó‡∏≤‡∏ô‡∏ä‡πà‡∏ß‡∏á‡∏ô‡∏µ‡πâ ‡∏™‡∏≤‡∏°‡∏≤‡∏£‡∏ñ‡∏ô‡∏±‡πà‡∏á‡πÇ‡∏ï‡πä‡∏∞‡πÄ‡∏î‡∏µ‡∏¢‡∏ß‡∏Å‡∏±‡∏ô ‡∏´‡∏°‡πâ‡∏≠‡πÄ‡∏î‡∏µ‡∏¢‡∏ß‡∏Å‡∏±‡∏ô‡πÑ‡∏î‡πâ‡πÅ‡∏•‡πâ‡∏ß ‡πÅ‡∏ï‡πà‡∏£‡∏∞‡∏´‡∏ß‡πà‡∏≤‡∏á‡πÇ‡∏ï‡πä‡∏∞‡∏¢‡∏±‡∏á‡∏°‡∏µ‡∏â‡∏≤‡∏Å‡∏Å‡∏±‡πâ‡∏ô‡∏≠‡∏¢‡∏π‡πà 

‡∏ô‡πâ‡∏≥‡∏ã‡∏∏‡∏õ‡πÄ‡∏•‡∏∑‡∏≠‡∏Å‡πÑ‡∏î‡πâ 2 ‡∏£‡∏™ ‡∏ô‡πâ‡∏≥‡∏à‡∏¥‡πâ‡∏°‡∏Å‡πá‡∏à‡∏∞‡πÅ‡∏ï‡∏Å‡∏ï‡πà‡∏≤‡∏á‡∏Å‡∏±‡∏ô‡∏ï‡∏≤‡∏°‡∏ô‡πâ‡∏≥‡∏ã‡∏∏‡∏õ ‡πÄ‡∏•‡∏∑‡∏≠‡∏Å‡∏°‡∏≤‡πÄ‡∏õ‡πá‡∏ô‡∏ä‡∏≤‡∏ö‡∏π‡∏ô‡πâ‡∏≥‡∏î‡∏≥ ‡∏Å‡∏±‡∏ö‡∏ô‡πâ‡∏≥‡∏ã‡∏∏‡∏õ‡πÄ‡∏´‡πá‡∏î
‡∏ä‡∏≤‡∏ö‡∏π‡∏ô‡πâ‡∏≥‡∏î‡∏≥ : ‡∏´‡∏ß‡∏≤‡∏ô‡πÜ‡πÄ‡∏Ñ‡πá‡∏°‡πÜ ‡∏£‡∏™‡∏ä‡∏≤‡∏ï‡∏¥‡πÄ‡∏Ç‡πâ‡∏°‡∏Ç‡πâ‡∏ô ‡πÄ‡∏™‡∏¥‡∏£‡πå‡∏ü‡∏û‡∏£‡πâ‡∏≠‡∏°‡πÑ‡∏Ç‡πà‡∏™‡∏î ‡∏ñ‡πâ‡∏≤‡πÄ‡∏õ‡πá‡∏ô‡∏ú‡∏π‡πâ‡πÉ‡∏´‡∏ç‡πà‡∏ó‡∏µ‡πà‡πÑ‡∏°‡πà‡∏ä‡∏≠‡∏ö‡∏´‡∏ß‡∏≤‡∏ô‡πÜ ‡∏≠‡∏≤‡∏à‡∏à‡∏∞‡πÑ‡∏°‡πà‡∏Ñ‡πà‡∏≠‡∏¢‡∏ä‡∏≠‡∏ö
‡∏ô‡πâ‡∏≥‡∏ã‡∏∏‡∏õ‡πÄ‡∏´‡πá‡∏î : ‡∏°‡∏µ‡∏ä‡∏∑‡πà‡∏≠‡∏î‡πâ‡∏ß‡∏¢‡πÄ‡∏õ‡πá‡∏ô‡∏†‡∏≤‡∏©‡∏≤‡∏ç‡∏µ‡πà‡∏õ‡∏∏‡πà‡∏ô ‡πÅ‡∏ï‡πà‡∏à‡∏≥‡πÑ‡∏°‡πà‡πÑ‡∏î‡πâ555 ‡πÄ‡∏™‡∏¥‡∏£‡πå‡∏ü‡∏°‡∏≤‡∏Å‡∏±‡∏ö ‡πÄ‡∏´‡πá‡∏î ‡πÅ‡∏•‡∏∞ ‡∏ô‡πâ‡∏≥‡∏à‡∏¥‡πâ‡∏°‡∏ã‡∏≠‡∏¢‡∏ã‡∏≠‡∏™ ‡∏£‡∏™‡∏ä‡∏≤‡∏ï‡∏¥‡∏à‡∏∑‡∏î‡πÜ ‡πÅ‡∏ô‡∏ß‡∏ô‡πâ‡∏≥‡∏ã‡∏∏‡∏õ‡πÉ‡∏™ 

‡πÄ‡∏ô‡∏∑‡πâ‡∏≠‡∏™‡∏±‡∏ï‡∏ß‡πå‡∏à‡∏∞‡∏°‡∏µ‡πÉ‡∏´‡πâ‡πÄ‡∏•‡∏∑‡∏≠‡∏Å ‡πÄ‡∏ô‡∏∑‡πâ‡∏≠‡∏ß‡∏±‡∏ß 2 ‡πÅ‡∏ö‡∏ö, ‡πÄ‡∏ô‡∏∑‡πâ‡∏≠‡∏´‡∏°‡∏π 2 ‡πÅ‡∏ö‡∏ö, ‡πÄ‡∏ô‡∏∑‡πâ‡∏≠‡πÄ‡∏õ‡πá‡∏î, ‡πÑ‡∏Å‡πà‡πÑ‡∏°‡πâ‡πÑ‡∏ú‡πà ‡πÄ‡∏•‡∏¢‡∏™‡∏±‡πà‡∏á‡∏°‡∏≤‡∏•‡∏≠‡∏á‡∏ó‡∏∏‡∏Å‡∏≠‡∏¢‡πà‡∏≤‡∏á
‡πÄ‡∏ô‡∏∑‡πâ‡∏≠‡∏ß‡∏±‡∏ß : ‡∏≠‡∏£‡πà‡∏≠‡∏¢‡∏°‡∏≤‡∏Å‡∏Å ‡∏ä‡∏¥‡πâ‡∏ô‡πÑ‡∏°‡πà‡∏ö‡∏≤‡∏á ‡πÄ‡∏ô‡∏∑‡πâ‡∏≠‡∏ô‡∏∏‡πà‡∏°‡∏°‡∏≤‡∏Å‡πÜ ‡∏Å‡∏¥‡∏ô‡∏Å‡∏±‡∏ö‡∏ä‡∏≤‡∏ö‡∏π‡∏ô‡πâ‡∏≥‡∏î‡∏≥‡πÄ‡∏Ç‡πâ‡∏≤‡∏Å‡∏±‡∏ô‡∏°‡∏≤‡∏Å
‡πÄ‡∏ô‡∏∑‡πâ‡∏≠‡∏´‡∏°‡∏π : ‡πÄ‡∏õ‡πá‡∏ô‡∏Ñ‡∏∏‡πÇ‡∏£‡∏ö‡∏π‡∏ï‡∏∞ ‡∏≠‡∏£‡πà‡∏≠‡∏¢‡∏ô‡∏∏‡πà‡∏°‡∏•‡∏¥‡πâ‡∏ô 
‡πÄ‡∏ô‡∏∑‡πâ‡∏≠‡πÄ‡∏õ‡πá‡∏î : ‡∏à‡∏∞‡∏´‡∏ô‡∏∂‡∏ö‡πÜ ‡πÑ‡∏°‡πà‡πÄ‡∏´‡∏ô‡∏µ‡∏¢‡∏ß ‡πÑ‡∏°‡πà‡∏Ñ‡∏≤‡∏ß ‡πÅ‡∏ï‡πà‡∏ó‡∏≤‡∏ô‡πÑ‡∏î‡πâ‡∏à‡∏≤‡∏ô‡πÄ‡∏î‡∏µ‡∏¢‡∏ß‡∏£‡∏π‡πâ‡∏™‡∏∂‡∏Å‡∏ß‡πà‡∏≤‡∏û‡∏≠‡πÅ‡∏•‡πâ‡∏ß
‡πÑ‡∏Å‡πà‡πÑ‡∏°‡πâ‡πÑ‡∏ú‡πà : ‡πÄ‡∏õ‡πá‡∏ô‡πÑ‡∏Å‡πà‡∏ö‡∏î ‡∏•‡∏∑‡∏°‡∏ñ‡πà‡∏≤‡∏¢‡∏£‡∏π‡∏õ‡∏°‡∏≤ ‡∏£‡∏™‡∏ä‡∏≤‡∏ï‡∏¥‡∏Å‡∏£‡∏∏‡∏ö‡πÜ ‡πÅ‡∏ï‡∏≤‡∏™‡πà‡∏ß‡∏ô‡∏ï‡∏±‡∏ß‡πÄ‡∏â‡∏¢‡πÜ 

‡∏ä‡πà‡∏ß‡∏á‡πÇ‡∏Ñ‡∏ß‡∏¥‡∏î ‡∏ö‡∏≤‡∏£‡πå‡∏ú‡∏±‡∏Å‡∏Å‡∏±‡∏ö‡∏ô‡πâ‡∏≥ ‡∏à‡∏∞‡∏°‡∏µ‡∏û‡∏ô‡∏±‡∏Å‡∏á‡∏≤‡∏ô‡∏ï‡∏±‡∏Å‡πÉ‡∏´‡πâ ‡πÄ‡∏£‡∏≤‡∏≠‡∏¢‡∏≤‡∏Å‡πÑ‡∏î‡πâ‡∏≠‡∏∞‡πÑ‡∏£‡∏Å‡πá‡πÑ‡∏õ‡∏à‡∏¥‡πâ‡∏°‡πÜ‡πÄ‡∏•‡∏∑‡∏≠‡∏Å‡πÜ‡πÑ‡∏î‡πâ‡πÄ‡∏•‡∏¢ 

‡∏Ç‡∏≠‡∏á‡∏´‡∏ß‡∏≤‡∏ô ‡∏°‡∏µ‡πÑ‡∏≠‡∏ï‡∏¥‡∏°‡∏Å‡∏±‡∏ö‡πÑ‡∏î‡∏ü‡∏π‡∏Å‡∏∏ ‡∏•‡∏≠‡∏á‡∏™‡∏±‡πà‡∏á‡πÅ‡∏ï‡πà‡πÑ‡∏î‡∏ü‡∏π‡∏Å‡∏∏ ‡πÑ‡∏≠‡∏ï‡∏¥‡∏°‡πÑ‡∏°‡πà‡πÑ‡∏´‡∏ß‡πÅ‡∏¢‡πâ‡∏ß‡∏ß‡∏ß ‡∏™‡∏±‡πà‡∏á‡∏°‡∏≤‡∏™‡∏≤‡∏°‡∏£‡∏™ ‡∏™‡∏ï‡∏≠‡πÄ‡∏ö‡∏≠‡∏£‡∏µ‡πà ‡∏ä‡∏≤‡πÄ‡∏Ç‡∏µ‡∏¢‡∏ß ‡∏ñ‡∏±‡πà‡∏ß‡πÅ‡∏î‡∏á ‡∏≠‡∏£‡πà‡∏≠‡∏¢‡∏ó‡∏±‡πâ‡∏á‡∏´‡∏°‡∏î‡∏Ñ‡πà‡∏∞

::‡∏™‡∏£‡∏∏‡∏õ:: ‡∏≠‡∏£‡πà‡∏≠‡∏¢‡∏Ñ‡∏∏‡πâ‡∏°‡∏Ñ‡πà‡∏≤‡∏Å‡∏±‡∏ö‡∏£‡∏≤‡∏Ñ‡∏≤ ‡πÅ‡∏ï‡πà‡∏Ñ‡∏á‡πÑ‡∏°‡πà‡πÑ‡∏î‡πâ‡∏°‡∏≤‡∏ó‡∏≤‡∏ô‡∏ö‡πà‡∏≠‡∏¢‡πÜ ‡∏ï‡∏Å‡∏Ñ‡∏ô‡∏•‡∏∞ 600++ ‡πÅ‡∏ï‡πà‡∏ñ‡πâ‡∏≤‡πÉ‡∏Ñ‡∏£‡πÑ‡∏°‡πà‡∏ó‡∏≤‡∏ô‡πÄ‡∏ô‡∏∑‡πâ‡∏≠‡∏ß‡∏±‡∏ß ‡∏≠‡∏≤‡∏à‡∏à‡∏∞‡πÑ‡∏°‡πà‡∏Ñ‡∏∏‡πâ‡∏°‡πÄ‡∏ó‡πà‡∏≤‡πÑ‡∏£",2,0.9992154240608215,"['‡πÄ‡∏ô‡∏∑‡πâ‡∏≠', '‡∏ô‡πâ‡∏≥', '‡∏≠‡∏£‡πà‡∏≠‡∏¢', '‡∏ó‡∏≤‡∏ô', '‡πÄ‡∏•‡∏∑‡∏≠‡∏Å', '', '‡∏î‡∏µ', '‡∏£‡∏≤‡∏Ñ‡∏≤', '‡∏≠‡∏≤‡∏´‡∏≤‡∏£', '‡∏´‡∏ß‡∏≤‡∏ô']","['', '‡∏´‡∏°‡∏π', '‡πÑ‡∏Å‡πà', '‡∏•‡∏≠‡∏á']"
Mo-Mo-Paradise (‡πÇ‡∏° ‡πÇ‡∏° ‡∏û‡∏≤‡∏£‡∏≤‡πÑ‡∏î‡∏ã‡πå) ‡πÄ‡∏î‡∏≠‡∏∞‡∏°‡∏≠‡∏•‡∏•‡πå ‡∏ö‡∏≤‡∏á‡∏Å‡∏∞‡∏õ‡∏¥,"‡∏ñ‡πâ‡∏≤‡∏ô‡∏∂‡∏Å‡∏ñ‡∏∂‡∏á‡∏ä‡∏≤‡∏ö‡∏π‡∏ó‡∏µ‡πà‡∏°‡∏µ‡πÄ‡∏ô‡∏∑‡πâ‡∏≠‡πÄ‡∏ô‡πâ‡∏ô‡πÜ ‡πÉ‡∏ô‡∏£‡∏≤‡∏Ñ‡∏≤‡πÑ‡∏°‡πà‡πÇ‡∏´‡∏î‡∏à‡∏ô‡πÄ‡∏Å‡∏¥‡∏ô‡πÑ‡∏õ ‡∏Å‡πá‡∏ô‡∏∂‡∏Å‡∏ñ‡∏∂‡∏á‡πÇ‡∏°‡πÇ‡∏°‡πà‡∏ï‡∏•‡∏≠‡∏î ‡∏ö‡∏≤‡∏á‡∏ó‡∏µ‡∏ó‡∏≤‡∏á‡∏£‡πâ‡∏≤‡∏ô‡∏Å‡πá‡∏à‡∏∞‡∏°‡∏µ‡πÇ‡∏õ‡∏£‡∏°‡∏≤ 4 ‡∏à‡πà‡∏≤‡∏¢ 3 ‡πÉ‡∏ô‡∏ß‡∏±‡∏ô‡∏ò‡∏£‡∏£‡∏°‡∏î‡∏≤‡∏î‡πâ‡∏ß‡∏¢‡∏ô‡∏∞
‡∏™‡πà‡∏ß‡∏ô‡∏ï‡∏±‡∏ß‡∏ä‡∏≠‡∏ö‡πÄ‡∏ô‡∏∑‡πâ‡∏≠‡∏≠‡∏≠‡∏™ ‡πÄ‡∏û‡∏£‡∏≤‡∏∞‡∏°‡∏±‡∏ô‡πÑ‡∏°‡πà‡πÄ‡∏¢‡∏≠‡∏∞‡πÄ‡∏Å‡∏¥‡∏ô‡πÑ‡∏õ (‡∏à‡∏£‡∏¥‡∏á‡πÜ‡∏°‡∏±‡∏ô‡πÄ‡∏¢‡∏≠‡∏∞‡∏Å‡πá‡∏≠‡∏£‡πà‡∏≠‡∏¢‡∏ô‡∏∞ ‡πÅ‡∏ï‡πà‡∏ó‡∏≤‡∏ô‡∏°‡∏≤‡∏Å‡πÜ‡πÅ‡∏•‡πâ‡∏ß‡πÄ‡∏•‡∏µ‡πà‡∏¢‡∏ô‡πÑ‡∏ß) 

‡∏≠‡∏µ‡∏Å‡∏≠‡∏¢‡πà‡∏≤‡∏á‡∏ó‡∏µ‡πà‡∏ä‡∏≠‡∏ö‡∏Å‡πá‡∏Ñ‡∏∑‡∏≠‡πÑ‡∏≠‡∏®‡∏Å‡∏£‡∏µ‡∏°‡∏£‡∏™‡∏ä‡∏≤‡πÄ‡∏Ç‡∏µ‡∏¢‡∏ß ‡πÅ‡∏•‡∏∞‡∏£‡∏™‡∏Ç‡πâ‡∏≤‡∏ß ‡πÑ‡∏õ‡∏ó‡∏µ‡πÑ‡∏£‡∏™‡∏±‡πà‡∏á 2 ‡∏ñ‡πâ‡∏ß‡∏¢‡∏ï‡∏•‡∏≠‡∏î",4,0.9959293603897095,"['‡∏î‡∏µ', '‡πÄ‡∏ô‡∏∑‡πâ‡∏≠', '‡∏ó‡∏≤‡∏ô', '‡∏≠‡∏£‡πà‡∏≠‡∏¢', '‡∏™‡∏≤‡∏Ç‡∏≤', '‡∏ô‡πâ‡∏≥', '‡πÄ‡∏•‡∏∑‡∏≠‡∏Å', '‡∏£‡∏≤‡∏Ñ‡∏≤', '‡∏≠‡∏≤‡∏´‡∏≤‡∏£', '‡∏´‡∏ß‡∏≤‡∏ô']","['‡∏ä‡∏≤‡∏ö‡∏π', '‡∏ö‡∏£‡∏¥‡∏Å‡∏≤‡∏£', '‡∏Ñ‡∏∏‡∏ì‡∏†‡∏≤‡∏û', '‡∏û‡∏ô‡∏±‡∏Å‡∏á‡∏≤‡∏ô', '‡∏ô‡∏∂‡∏Å', '‡∏ô‡∏±‡πà‡∏á']"
Mo-Mo-Paradise (‡πÇ‡∏° ‡πÇ‡∏° ‡∏û‡∏≤‡∏£‡∏≤‡πÑ‡∏î‡∏ã‡πå) ‡πÄ‡∏î‡∏≠‡∏∞‡∏°‡∏≠‡∏•‡∏•‡πå ‡∏ö‡∏≤‡∏á‡∏Å‡∏∞‡∏õ‡∏¥,"‡πÄ‡∏î‡∏¥‡∏ô‡∏°‡∏≤‡∏´‡∏ô‡πâ‡∏≤‡∏£‡πâ‡∏≤‡∏ô‡πÅ‡∏•‡πâ‡∏ß‡πÑ‡∏î‡πâ‡∏Å‡∏•‡∏¥‡πà‡∏ô‡∏ä‡∏≤‡∏ö‡∏π‡∏´‡∏≠‡∏°‡∏°‡∏≤‡∏Å ‡πÜ  ‡∏õ‡∏£‡∏∞‡∏Å‡∏≠‡∏ö‡∏Å‡∏±‡∏ö‡∏°‡∏µ‡πÇ‡∏õ‡∏£‡∏ö‡∏±‡∏ï‡∏£‡πÄ‡∏Ñ‡∏£‡∏î‡∏¥‡∏ï‡∏î‡πâ‡∏ß‡∏¢ ‡πÄ‡∏•‡∏¢‡∏ï‡∏±‡∏î‡∏™‡∏¥‡∏ô‡πÉ‡∏à‡∏ß‡πà‡∏≤‡∏Å‡∏¥‡∏ô‡∏£‡πâ‡∏≤‡∏ô‡∏ô‡∏µ‡πâ‡∏•‡∏∞‡∏Å‡∏±‡∏ô ‡∏ô‡πâ‡∏≥‡∏ä‡∏≤‡∏ö‡∏π‡πÄ‡∏•‡∏∑‡∏≠‡∏Å‡πÑ‡∏î‡πâ  2 ‡∏≠‡∏¢‡πà‡∏≤‡∏á ‡∏û‡∏ß‡∏Å‡πÄ‡∏ô‡∏∑‡πâ‡∏≠‡∏ï‡πà‡∏≤‡∏á ‡πÜ ‡∏ï‡πâ‡∏≠‡∏á‡∏™‡∏±‡πà‡∏á‡∏°‡∏≤ ‡∏™‡πà‡∏ß‡∏ô‡∏ú‡∏±‡∏Å‡πÄ‡∏™‡πâ‡∏ô ‡πÅ‡∏•‡∏∞‡∏•‡∏π‡∏Å‡∏ä‡∏¥‡πâ‡∏ô ‡πÑ‡∏õ‡∏ï‡∏±‡∏Å‡πÄ‡∏≠‡∏á‡πÑ‡∏î‡πâ‡πÄ‡∏•‡∏¢ ‡∏°‡∏µ‡πÉ‡∏´‡πâ‡πÄ‡∏•‡∏∑‡∏≠‡∏Å‡∏´‡∏•‡∏≤‡∏Å‡∏´‡∏•‡∏≤‡∏¢‡∏Ñ‡πà‡∏∞ 

‡∏™‡∏≤‡∏Ç‡∏≤‡∏ô‡∏µ‡πâ‡∏ó‡∏µ‡πà‡∏ô‡∏±‡πà‡∏á‡∏Å‡∏ß‡πâ‡∏≤‡∏á‡∏Ç‡∏ß‡∏≤‡∏á ‡∏ô‡∏±‡πà‡∏á‡∏™‡∏ö‡∏≤‡∏¢ ‡πÑ‡∏°‡πà‡πÄ‡∏´‡∏°‡∏∑‡∏≠‡∏ô‡∏Å‡∏±‡∏ö‡∏™‡∏≤‡∏Ç‡∏≤  CTW  ‡∏ó‡∏µ‡πà‡∏à‡∏∞‡∏Ñ‡πà‡∏≠‡∏ô‡∏Ç‡πâ‡∏≤‡∏á‡πÅ‡∏Ñ‡∏ö ‡∏°‡∏µ‡πÄ‡∏î‡πá‡∏Å‡∏°‡∏≤‡∏î‡πâ‡∏ß‡∏¢‡∏ô‡∏±‡πà‡∏á‡∏™‡∏ö‡∏≤‡∏¢‡∏î‡∏µ‡∏Ñ‡πà‡∏∞ 

‡πÄ‡∏ô‡∏∑‡πâ‡∏≠‡∏ï‡πà‡∏≤‡∏á ‡πÜ ‡∏Ñ‡∏∏‡∏ì‡∏†‡∏≤‡∏û‡∏î‡∏µ ‡∏ö‡∏£‡∏¥‡∏Å‡∏≤‡∏£‡∏£‡∏ß‡∏î‡πÄ‡∏£‡πá‡∏ß ‡∏Ç‡∏ô‡∏°‡∏≠‡∏£‡πà‡∏≠‡∏¢‡∏Ñ‡πà‡∏∞",4,0.9968651533126831,"['‡∏î‡∏µ', '‡πÄ‡∏ô‡∏∑‡πâ‡∏≠', '‡∏ó‡∏≤‡∏ô', '‡∏≠‡∏£‡πà‡∏≠‡∏¢', '‡∏™‡∏≤‡∏Ç‡∏≤', '‡∏ô‡πâ‡∏≥', '‡πÄ‡∏•‡∏∑‡∏≠‡∏Å', '‡∏£‡∏≤‡∏Ñ‡∏≤', '‡∏≠‡∏≤‡∏´‡∏≤‡∏£', '‡∏´‡∏ß‡∏≤‡∏ô']","['‡∏ä‡∏≤‡∏ö‡∏π', '‡∏ö‡∏£‡∏¥‡∏Å‡∏≤‡∏£', '‡∏Ñ‡∏∏‡∏ì‡∏†‡∏≤‡∏û', '‡∏û‡∏ô‡∏±‡∏Å‡∏á‡∏≤‡∏ô', '‡∏ô‡∏∂‡∏Å', '‡∏ô‡∏±‡πà‡∏á']"
Mo-Mo-Paradise (‡πÇ‡∏° ‡πÇ‡∏° ‡∏û‡∏≤‡∏£‡∏≤‡πÑ‡∏î‡∏ã‡πå) ‡πÄ‡∏î‡∏≠‡∏∞‡∏°‡∏≠‡∏•‡∏•‡πå ‡∏ö‡∏≤‡∏á‡∏Å‡∏∞‡∏õ‡∏¥,"‡∏£‡πâ‡∏≤‡∏ô‡∏ö‡∏∏‡∏ü‡πÄ‡∏ü‡πà ‡∏ä‡∏≤‡∏ö‡∏π‡πÅ‡∏ô‡∏ß‡∏ç‡∏µ‡πà‡∏õ‡∏∏‡πà‡∏ô ‡∏™‡∏≤‡∏¢‡πÄ‡∏ô‡∏∑‡πâ‡∏≠‡∏´‡∏°‡∏π ‡πÄ‡∏ô‡∏∑‡πâ‡∏≠‡∏ß‡∏±‡∏ß‡∏ô‡πà‡∏≤‡∏à‡∏∞‡∏Ñ‡∏∏‡πâ‡∏°‡∏°‡∏≤‡∏Å‡∏Ñ‡πà‡∏∞
‡∏ó‡∏≤‡∏á‡∏£‡πâ‡∏≤‡∏ô‡∏°‡∏µ‡πÇ‡∏ã‡∏ô‡∏ú‡∏±‡∏Å‡πÉ‡∏´‡πâ‡πÄ‡∏•‡∏∑‡∏≠‡∏Å‡∏´‡∏¢‡∏¥‡∏ö‡πÑ‡∏î‡πâ‡πÄ‡∏≠‡∏á 
‡πÄ‡∏ô‡∏∑‡πâ‡∏≠‡∏™‡∏≤‡∏°‡∏≤‡∏£‡∏ñ‡∏™‡∏±‡πà‡∏á‡∏ú‡πà‡∏≤‡∏ô‡∏û‡∏ô‡∏±‡∏Å‡∏á‡∏≤‡∏ô‡πÑ‡∏î‡πâ‡πÄ‡∏•‡∏¢‡∏Ñ‡πà‡∏∞ 
‡∏£‡∏≤‡∏Ñ‡∏≤‡∏°‡∏µ‡πÇ‡∏õ‡∏£‡πÇ‡∏°‡∏ä‡∏±‡πà‡∏ô ‡πÄ‡∏õ‡πá‡∏ô‡∏ö‡∏≤‡∏á‡∏ä‡πà‡∏ß‡∏á‡∏ô‡∏∞‡∏Ñ‡∏∞
‡πÉ‡∏Ñ‡∏£‡∏ä‡∏≠‡∏ö‡∏ô‡πâ‡∏≥‡∏à‡∏¥‡πâ‡∏°‡∏û‡∏≠‡∏ô‡∏ã‡∏∂ ‡∏ï‡πâ‡∏≠‡∏á‡∏•‡∏≠‡∏á‡∏Ñ‡πà‡∏∞
‡∏Ç‡∏≠‡∏á‡∏´‡∏ß‡∏≤‡∏ô‡πÄ‡∏£‡∏≤‡∏ä‡∏≠‡∏ö‡∏ô‡∏∞ ‡πÑ‡∏≠‡∏ï‡∏¥‡∏°‡∏ö‡πã‡∏ß‡∏¢‡∏≠‡∏£‡πà‡∏≠‡∏¢‡∏î‡∏µ",2,0.9964229464530945,"['‡πÄ‡∏ô‡∏∑‡πâ‡∏≠', '‡∏ô‡πâ‡∏≥', '‡∏≠‡∏£‡πà‡∏≠‡∏¢', '‡∏ó‡∏≤‡∏ô', '‡πÄ‡∏•‡∏∑‡∏≠‡∏Å', '', '‡∏î‡∏µ', '‡∏£‡∏≤‡∏Ñ‡∏≤', '‡∏≠‡∏≤‡∏´‡∏≤‡∏£', '‡∏´‡∏ß‡∏≤‡∏ô']","['', '‡∏´‡∏°‡∏π', '‡πÑ‡∏Å‡πà', '‡∏•‡∏≠‡∏á']"
Mo-Mo-Paradise (‡πÇ‡∏° ‡πÇ‡∏° ‡∏û‡∏≤‡∏£‡∏≤‡πÑ‡∏î‡∏ã‡πå) ‡πÄ‡∏î‡∏≠‡∏∞‡∏°‡∏≠‡∏•‡∏•‡πå ‡∏ö‡∏≤‡∏á‡∏Å‡∏∞‡∏õ‡∏¥,"Number 20 : ‡πÇ‡∏°‡πÇ‡∏° ‚Äì ‡∏û‡∏≤‡∏£‡∏≤‡πÑ‡∏î‡∏™‡πå (‡∏™‡∏≤‡∏Ç‡∏≤‡πÄ‡∏î‡∏≠‡∏∞‡∏°‡∏≠‡∏•‡∏ö‡∏≤‡∏á‡∏Å‡∏∞‡∏õ‡∏¥)
‡∏£‡πâ‡∏≤‡∏ô‡∏≠‡∏≤‡∏´‡∏≤‡∏£‡∏ö‡∏∏‡∏ü‡πÄ‡∏ü‡πà‡∏™‡∏∏‡∏Å‡∏µ‡πâ ‡∏ä‡∏≤‡∏ö‡∏π‡∏ô‡πâ‡∏≥‡∏î‡∏≥ ‡∏™‡πÑ‡∏ï‡∏•‡πå‡∏ç‡∏µ‡πà‡∏õ‡∏∏‡πà‡∏ô‡∏ó‡∏µ‡πà‡πÅ‡∏ó‡πâ‡∏à‡∏£‡∏¥‡∏á  ‡∏Å‡∏£‡∏£‡∏°‡∏ß‡∏¥‡∏ò‡∏µ‡∏î‡∏±‡∏á‡πÄ‡∏î‡∏¥‡∏° ‡πÅ‡∏ï‡πà‡∏£‡∏™‡∏ä‡∏≤‡∏ï‡∏¥ ‡πÑ‡∏ó‡∏¢‡∏õ‡∏£‡∏∞‡∏¢‡∏∏‡∏Ñ‡∏Å‡πå
‡∏ß‡∏±‡∏ô‡∏ô‡∏µ‡πâ‡∏°‡∏≤‡∏ó‡∏≤‡∏ô Menu : ‡∏ö‡∏∏‡∏ü‡πÄ‡∏ü‡πà‡∏ï‡πå‡∏™‡∏∏‡∏Å‡∏µ‡πâ‡∏ä‡∏≤‡∏ö‡∏π‡∏ô‡πâ‡∏≥‡∏î‡∏≥
‡∏£‡∏≤‡∏¢‡∏•‡∏∞‡πÄ‡∏≠‡∏µ‡∏¢‡∏î‡πÄ‡∏°‡∏ô‡∏π : ‡πÄ‡∏•‡∏∑‡∏≠‡∏Å‡∏ô‡πâ‡∏≥‡πÑ‡∏î‡πâ‡∏´‡∏•‡∏≤‡∏¢‡πÅ‡∏ö‡∏ö ‡πÅ‡∏ï‡πà‡∏ô‡πâ‡∏≥‡∏à‡∏¥‡πâ‡∏°‡∏°‡∏µ‡πÅ‡∏ï‡πà‡∏û‡∏≠‡∏ô‡∏ã‡∏∂ ‡πÅ‡∏•‡∏∞‡∏ô‡πâ‡∏≥‡∏à‡∏¥‡πâ‡∏°‡πÄ‡∏â‡∏û‡∏≤‡∏∞‡πÅ‡∏ö‡∏ö‡∏â‡∏ö‡∏±‡∏ö‡∏Ç‡∏≠‡∏á‡∏£‡πâ‡∏≤‡∏ô‡πÇ‡∏°‡πÇ‡∏°‡∏Ø ‡∏≠‡∏≤‡∏´‡∏≤‡∏£‡πÅ‡∏ö‡πà‡∏á‡πÄ‡∏õ‡πá‡∏ô‡∏ä‡∏∏‡∏î‡πÄ‡∏ã‡πá‡∏ó‡∏´‡∏°‡∏π ‡∏´‡∏£‡∏∑‡∏≠ ‡πÄ‡∏ô‡∏∑‡πâ‡∏≠‡πÄ‡∏•‡∏∑‡∏≠‡∏Å‡πÑ‡∏î‡πâ ‡∏ú‡∏±‡∏Å‡∏°‡∏µ‡∏´‡∏•‡∏≤‡∏Å‡∏´‡∏•‡∏≤‡∏¢‡∏ä‡∏ô‡∏¥‡∏î
‡∏£‡∏≤‡∏Ñ‡∏≤ :  600+‡∏ö‡∏≤‡∏ó / ‡∏Ñ‡∏ô  ‡∏Ñ‡∏∞‡πÅ‡∏ô‡∏ô : 4.0/5",0,0.9975966215133667,"['‡∏ó‡∏≤‡∏ô', '‡∏≠‡∏≤‡∏´‡∏≤‡∏£', '‡∏î‡∏µ', '‡∏ô‡πâ‡∏≥', '‡πÄ‡∏•‡∏∑‡∏≠‡∏Å', '‡πÄ‡∏ô‡∏∑‡πâ‡∏≠', '‡∏Å‡∏∏‡πâ‡∏á', '‡∏£‡∏≤‡∏Ñ‡∏≤', '‡∏ö‡∏≤‡∏ó', '‡∏£‡∏™‡∏ä‡∏≤‡∏ï‡∏¥']","['‡πÄ‡∏°‡∏ô‡∏π', '‡πÄ‡∏ó‡∏°‡∏õ‡∏∏‡∏£‡∏∞', '‡∏ã‡∏π‡∏ä‡∏¥', '‡∏ö‡∏∏‡∏ü‡πÄ‡∏ü‡πà‡∏ï‡πå', '‡∏à‡∏¥‡πâ‡∏°']"
Mo-Mo-Paradise (‡πÇ‡∏° ‡πÇ‡∏° ‡∏û‡∏≤‡∏£‡∏≤‡πÑ‡∏î‡∏ã‡πå) ‡πÄ‡∏î‡∏≠‡∏∞‡∏°‡∏≠‡∏•‡∏•‡πå ‡∏ö‡∏≤‡∏á‡∏Å‡∏∞‡∏õ‡∏¥,"‡∏£‡πâ‡∏≤‡∏ô‡∏ä‡∏≤‡∏ö‡∏π‡πÄ‡∏ü‡∏£‡∏ô‡πÑ‡∏ä‡∏™‡πå‡∏£‡∏™‡∏ä‡∏≤‡∏ï‡∏¥‡∏î‡∏µ‡∏°‡∏≤‡∏Å‡∏Ñ‡∏∏‡πâ‡∏°‡∏Ñ‡πà‡∏≤‡πÄ‡∏´‡∏°‡∏≤‡∏∞‡∏™‡∏°‡∏Å‡∏±‡∏ö‡∏£‡∏≤‡∏Ñ‡∏≤‡∏õ‡∏£‡∏∞‡∏°‡∏≤‡∏ì500‡∏Å‡∏ß‡πà‡∏≤‡∏ö‡∏≤‡∏ó ‡∏ï‡∏¥‡∏î‡πÅ‡∏ï‡πà‡πÄ‡∏£‡∏∑‡πà‡∏≠‡∏á‡∏ô‡πâ‡∏≥‡∏ã‡∏∏‡∏õ‡∏ï‡∏≠‡∏ô‡∏ó‡∏µ‡πà‡πÄ‡∏£‡∏¥‡πà‡∏°‡∏á‡∏ß‡∏î ‡∏≠‡∏≤‡∏à‡∏à‡∏∞‡πÄ‡∏Ñ‡πá‡∏°‡∏Ç‡∏∂‡πâ‡∏ô‡∏ö‡πâ‡∏≤‡∏á‡πÅ‡∏ï‡πà‡∏Å‡πá‡πÄ‡∏õ‡πá‡∏ô‡∏õ‡∏Å‡∏ï‡∏¥‡∏Ç‡∏≠‡∏á‡∏Å‡∏≤‡∏£‡∏Å‡∏¥‡∏ô‡∏ä‡∏≤‡∏ö‡∏π‡∏≠‡∏¢‡∏π‡πà‡πÅ‡∏•‡πâ‡∏ß‡∏Ñ‡∏£‡∏±‡∏ö ‡∏°‡∏µ‡∏ô‡πâ‡∏≥‡∏ä‡∏≤‡πÄ‡∏Ç‡∏µ‡∏¢‡∏ß‡∏£‡πâ‡∏≠‡∏ô‡πÅ‡∏•‡∏∞‡∏Å‡∏≤‡πÅ‡∏ü‡∏î‡πâ‡∏ß‡∏¢ ‡∏ã‡∏∂‡πà‡∏á‡∏£‡πâ‡∏≤‡∏ô‡∏ó‡∏±‡πà‡∏ß‡πÑ‡∏õ‡πÑ‡∏°‡πà‡∏Ñ‡πà‡∏≠‡∏¢‡∏°‡∏µ ‡πÅ‡∏ï‡πà‡∏ó‡∏µ‡πà‡∏ä‡∏≠‡∏ö‡πÄ‡∏•‡∏¢‡∏Ñ‡∏∑‡∏≠‡πÄ‡∏ô‡∏∑‡πâ‡∏≠‡∏≠‡∏≠‡∏™‡πÄ‡∏ï‡∏£‡πÄ‡∏•‡∏µ‡∏¢‡∏î‡∏µ‡∏°‡∏≤‡∏Å‡πÜ‡∏Ñ‡∏£‡∏±‡∏ö ‡∏´‡∏°‡∏π‡∏™‡∏±‡∏ô‡∏Ñ‡∏≠‡∏Å‡πá‡∏£‡∏™‡∏ä‡∏≤‡∏ï‡∏¥‡∏î‡∏µ‡∏°‡∏≤‡∏Å‡πÄ‡∏•‡∏¢ ‡πÅ‡∏ô‡∏∞‡∏ô‡∏≥‡∏ô‡πâ‡∏≥‡∏ã‡∏∏‡∏õ‡∏™‡∏∏‡∏Å‡∏µ‡πâ‡∏¢‡∏≤‡∏Å‡∏µ‡πâ ‡πÄ‡∏™‡∏¥‡∏£‡πå‡∏ü‡∏Å‡∏±‡∏ö‡∏ô‡πâ‡∏≥‡∏à‡∏¥‡πâ‡∏°‡πÑ‡∏Ç‡πà‡πÑ‡∏Å‡πà
‡πÅ‡∏•‡∏∞‡πÇ‡∏ä‡∏¢‡∏∏‡∏´‡∏ß‡∏≤‡∏ô ‡∏™‡πà‡∏á‡∏ô‡πÑ‡∏≠‡∏®‡∏Ñ‡∏£‡∏µ‡∏°‡∏ö‡πä‡∏ß‡∏¢‡∏Ñ‡∏∑‡∏≠‡∏î‡∏µ‡∏ó‡∏µ‡πà‡∏™‡∏∏‡∏î‡∏Ñ‡∏£‡∏±‡∏ö ‡πÅ‡∏ô‡∏∞‡∏ô‡∏≥‡∏ï‡πâ‡∏≠‡∏á‡πÑ‡∏õ‡∏ï‡∏≥‡∏Ñ‡∏£‡∏±‡∏ö ‡∏•‡∏∏‡∏¢!!!!",1,0.9979763627052307,"['‡∏Å‡∏¥‡∏ô', '‡∏î‡∏µ', '‡∏ô‡πâ‡∏≥', '‡∏≠‡∏≤‡∏´‡∏≤‡∏£', '‡∏Ñ‡∏ô', '‡πÄ‡∏ô‡∏∑‡πâ‡∏≠', '‡∏ó‡∏≤‡∏ô', '‡∏£‡∏≤‡∏Ñ‡∏≤', '‡∏ö‡∏≤‡∏ó', '‡∏™‡∏î']",['‡πÄ‡∏ß‡∏•‡∏≤']
Shabushi (‡∏ä‡∏≤‡∏ö‡∏π‡∏ä‡∏¥) ‡πÄ‡∏î‡∏≠‡∏∞‡∏°‡∏≠‡∏•‡∏•‡πå‡∏ö‡∏≤‡∏á‡∏Å‡∏∞‡∏õ‡∏¥ ‡∏ä‡∏±‡πâ‡∏ô G,‡∏°‡∏≤ ‡∏≤‡∏ô‡∏ó‡∏µ‡πà‡∏Ç‡∏≤‡∏ö‡∏π‡∏ä‡∏¥‡∏ï‡πâ‡∏≠‡∏á‡∏°‡∏≤‡∏ï‡∏≠‡∏ô‡∏´‡∏¥‡∏ß ‡πÑ‡∏°‡πà‡∏á‡∏±‡πâ‡∏ô‡∏à‡∏∞‡πÑ‡∏°‡πà‡∏Ñ‡∏∏‡πâ‡∏°‡∏ô‡∏∞‡∏Ñ‡∏£‡∏±‡∏ö ‡∏Æ‡πà‡∏≤‡πÜ ‡πÄ‡∏û‡∏£‡∏≤‡∏∞‡πÄ‡∏°‡∏ô‡∏π‡∏Ç‡∏≠‡∏á‡∏Å‡∏¥‡∏ô‡∏°‡∏±‡∏ô‡πÄ‡∏¢‡∏≠‡∏∞‡∏°‡∏≤‡∏Å ‡∏ó‡∏±‡πâ‡∏á‡∏≠‡∏≤‡∏´‡∏≤‡∏£‡∏ö‡∏ô‡∏™‡∏≤‡∏¢‡∏û‡∏≤‡∏ô ‡∏≠‡∏≤‡∏´‡∏≤‡∏£‡∏ó‡∏≤‡∏ô‡πÄ‡∏•‡πà‡∏ô ‡∏ã‡∏π‡∏ä‡∏¥ ‡∏õ‡∏π‡∏≠‡∏±‡∏î ‡πÄ‡∏Å‡∏µ‡πä‡∏¢‡∏ß‡∏ã‡πà‡∏≤ ‡∏Å‡∏∏‡πâ‡∏á‡πÄ‡∏ó‡∏°‡∏õ‡∏∏‡∏£‡∏∞ ‡∏°‡∏±‡∏ô‡∏•‡∏∞‡∏•‡∏≤‡∏ô‡∏ï‡∏≤‡∏°‡∏≤‡∏Å ‡∏£‡∏≤‡∏Ñ‡∏≤‡∏ï‡∏≠‡∏ô‡∏ô‡∏µ‡πâ 399 ‡∏ö‡∏≤‡∏ó ‡πÅ‡∏û‡∏á‡∏°‡∏±‡πâ‡∏¢..‡∏Å‡πá‡∏ô‡∏¥‡∏î‡∏ô‡∏∂‡∏á ‡πÅ‡∏ï‡πà‡∏ñ‡πâ‡∏≤‡πÄ‡∏ó‡∏µ‡∏¢‡∏ö‡∏Å‡∏±‡∏ö‡∏≠‡∏≤‡∏´‡∏≤‡∏£‡πÅ‡∏•‡πâ‡∏ß‡∏Å‡πá‡∏ñ‡∏∑‡∏≠‡∏ß‡πà‡∏≤‡∏Ñ‡∏∏‡πâ‡∏°‡∏Ñ‡∏£‡∏±‡∏ö,1,0.9968505501747131,"['‡∏Å‡∏¥‡∏ô', '‡∏î‡∏µ', '‡∏ô‡πâ‡∏≥', '‡∏≠‡∏≤‡∏´‡∏≤‡∏£', '‡∏Ñ‡∏ô', '‡πÄ‡∏ô‡∏∑‡πâ‡∏≠', '‡∏ó‡∏≤‡∏ô', '‡∏£‡∏≤‡∏Ñ‡∏≤', '‡∏ö‡∏≤‡∏ó', '‡∏™‡∏î']",['‡πÄ‡∏ß‡∏•‡∏≤']
Shabushi (‡∏ä‡∏≤‡∏ö‡∏π‡∏ä‡∏¥) ‡πÄ‡∏î‡∏≠‡∏∞‡∏°‡∏≠‡∏•‡∏•‡πå‡∏ö‡∏≤‡∏á‡∏Å‡∏∞‡∏õ‡∏¥ ‡∏ä‡∏±‡πâ‡∏ô G,‡πÉ‡∏Ñ‡∏£‡∏ä‡∏≠‡∏ö‡∏Å‡∏∏‡πâ‡∏á‡∏ó‡∏≠‡∏î‡πÄ‡∏ó‡∏°‡∏õ‡∏∏‡∏£‡∏∞ ‡πÅ‡∏Ñ‡πà‡∏Å‡∏∏‡πâ‡∏á‡πÄ‡∏ó‡∏°‡∏õ‡∏∏‡∏£‡∏∞‡∏Å‡πá‡∏Ñ‡∏∏‡πâ‡∏°‡πÅ‡∏•‡πâ‡∏ß ‡∏Ñ‡∏£‡∏±‡πâ‡∏á‡∏ô‡∏µ‡πâ‡∏°‡∏≤‡∏ó‡∏≤‡∏ô‡∏î‡∏∂‡∏Å‡πÑ‡∏õ‡∏´‡∏ô‡πà‡∏≠‡∏¢‡∏°‡∏µ‡∏Ç‡∏≠‡∏á‡πÑ‡∏°‡πà‡∏Ñ‡πà‡∏≠‡∏¢‡∏°‡∏≤‡∏Å‡πÅ‡∏•‡πâ‡∏ß ‡∏ô‡∏∂‡∏Å‡∏ú‡∏¥‡∏î‡∏´‡∏ß‡∏±‡∏á‡∏≠‡∏¢‡∏π‡πà‡πÄ‡∏û‡∏£‡∏≤‡∏∞‡πÄ‡∏´‡∏•‡∏∑‡∏≠‡∏Å‡∏∏‡πâ‡∏á‡πÄ‡∏ó‡∏°‡∏õ‡∏∏‡∏£‡∏∞‡∏≠‡∏¢‡∏π‡πà‡πÑ‡∏°‡πà‡∏Å‡∏µ‡πà‡∏ï‡∏±‡∏ß ‡πÅ‡∏ï‡πà‡πÑ‡∏°‡πà‡∏ô‡∏≤‡∏ô‡∏Å‡πá‡∏ó‡∏≠‡∏î‡πÉ‡∏´‡∏°‡πà‡∏°‡∏≤‡πÄ‡∏ï‡∏¥‡∏°‡πÄ‡∏•‡∏¢‡πÑ‡∏î‡πâ‡∏ó‡∏≤‡∏ô‡∏™‡∏°‡πÉ‡∏à ‡∏Å‡∏•‡∏≤‡∏¢‡πÄ‡∏õ‡πá‡∏ô‡∏°‡∏≤‡∏ä‡∏≤‡∏ö‡∏π‡∏ä‡∏¥‡πÄ‡∏û‡∏∑‡πà‡∏≠‡∏ó‡∏≤‡∏ô‡∏≠‡∏≤‡∏´‡∏≤‡∏£‡∏ç‡∏µ‡πà‡∏õ‡∏∏‡∏ô‡∏û‡∏ß‡∏Å‡∏ã‡∏π‡∏ä‡∏¥ ‡∏Å‡∏∏‡πâ‡∏á‡πÄ‡∏ó‡∏°‡∏õ‡∏∏‡∏£‡∏∞‡πÄ‡∏õ‡πá‡∏ô‡∏´‡∏•‡∏±‡∏Å ‡∏™‡πà‡∏ß‡∏ô‡∏ä‡∏≤‡∏ö‡∏π‡πÄ‡∏õ‡πá‡∏ô‡∏≠‡∏≤‡∏´‡∏≤‡∏£‡πÄ‡∏™‡∏£‡∏¥‡∏°‡∏ã‡∏∞‡∏á‡∏±‡πâ‡∏ô ‡πÅ‡∏ï‡πà‡∏ä‡πà‡∏ß‡∏á‡∏ô‡∏µ‡πâ‡∏à‡∏∞‡πÑ‡∏°‡πà‡∏°‡∏µ‡πÄ‡∏°‡∏ô‡∏π‡∏õ‡∏•‡∏≤‡πÑ‡∏Ç‡πà‡∏ä‡∏±‡πà‡∏ß‡∏Ñ‡∏£‡∏≤‡∏ß‡∏ô‡πâ‡∏∞‡∏Ñ‡∏£‡∏±‡∏ö ‡πÅ‡∏•‡∏∞‡∏¢‡∏±‡∏á‡πÑ‡∏á‡∏Å‡πá‡∏≠‡∏¢‡πà‡∏≤‡∏•‡∏∑‡∏°‡∏ó‡∏≤‡∏ô‡πÑ‡∏≠‡∏ï‡∏¥‡∏°‡πÉ‡∏´‡πâ‡πÄ‡∏¢‡πá‡∏ô‡∏ä‡∏∑‡πà‡∏ô‡πÉ‡∏à‡∏ï‡∏ö‡∏ó‡πâ‡∏≤‡∏¢‡∏î‡πâ‡∏ß‡∏¢,0,0.9974468946456909,"['‡∏ó‡∏≤‡∏ô', '‡∏≠‡∏≤‡∏´‡∏≤‡∏£', '‡∏î‡∏µ', '‡∏ô‡πâ‡∏≥', '‡πÄ‡∏•‡∏∑‡∏≠‡∏Å', '‡πÄ‡∏ô‡∏∑‡πâ‡∏≠', '‡∏Å‡∏∏‡πâ‡∏á', '‡∏£‡∏≤‡∏Ñ‡∏≤', '‡∏ö‡∏≤‡∏ó', '‡∏£‡∏™‡∏ä‡∏≤‡∏ï‡∏¥']","['‡πÄ‡∏°‡∏ô‡∏π', '‡πÄ‡∏ó‡∏°‡∏õ‡∏∏‡∏£‡∏∞', '‡∏ã‡∏π‡∏ä‡∏¥', '‡∏ö‡∏∏‡∏ü‡πÄ‡∏ü‡πà‡∏ï‡πå', '‡∏à‡∏¥‡πâ‡∏°']"
Shabushi (‡∏ä‡∏≤‡∏ö‡∏π‡∏ä‡∏¥) ‡πÄ‡∏î‡∏≠‡∏∞‡∏°‡∏≠‡∏•‡∏•‡πå‡∏ö‡∏≤‡∏á‡∏Å‡∏∞‡∏õ‡∏¥ ‡∏ä‡∏±‡πâ‡∏ô G,‡∏Å‡∏•‡∏±‡∏ö‡∏°‡∏≤‡∏≠‡∏±‡∏û‡πÄ‡∏î‡∏ó‡∏£‡∏≤‡∏Ñ‡∏≤‡∏ä‡∏≤‡∏ö‡∏π‡∏ä‡∏¥ ‡∏ï‡∏≠‡∏ô‡∏ô‡∏µ‡πâ‡∏≠‡∏¢‡∏π‡πà‡∏ó‡∏µ‡πà 399 ‡∏ö‡∏≤‡∏ó net ‡∏ó‡∏≤‡∏ô‡πÑ‡∏î‡πâ‡∏õ‡∏£‡∏∞‡∏°‡∏≤‡∏ì 1.15 ‡∏ä‡∏°. ‡∏ô‡πâ‡∏≥‡∏ã‡∏∏‡∏õ‡∏°‡∏µ‡πÉ‡∏´‡πâ‡πÄ‡∏•‡∏∑‡∏≠‡∏Å 4 ‡∏£‡∏™ ‡∏ã‡∏π‡∏ä‡∏¥‡∏•‡∏≤‡∏¢‡∏ï‡∏≤‡∏°‡∏≤‡∏Å‡πÜ ‡πÄ‡∏ó‡∏°‡∏õ‡∏∏‡∏£‡∏∞‡∏Å‡πá‡∏ó‡∏≤‡∏ô‡πÄ‡∏û‡∏•‡∏¥‡∏ô‡πÜ‡∏î‡∏µ ‡πÑ‡∏õ‡∏¢‡∏∑‡∏ô‡∏ï‡∏£‡∏á‡∏ô‡∏±‡πâ‡∏ô‡∏°‡∏µ‡πÅ‡∏ï‡πà‡∏Ç‡∏≠‡∏á‡∏ô‡πà‡∏≤‡∏ó‡∏≤‡∏ô‡πÑ‡∏õ‡∏´‡∏°‡∏î ‡πÑ‡∏•‡∏ô‡πå‡∏Ç‡∏≠‡∏á‡∏Ñ‡∏≤‡∏ß‡∏ö‡∏∏‡∏ü‡πÄ‡∏ü‡πà‡∏ï‡πå‡πÄ‡∏ô‡πâ‡∏ô‡∏Å‡∏∏‡πâ‡∏á‡∏™‡∏î ‡πÄ‡∏ö‡∏Ñ‡πà‡∏≠‡∏ô ‡πÅ‡∏•‡∏∞‡πÄ‡∏ô‡∏∑‡πâ‡∏≠‡∏™‡πÑ‡∏•‡∏î‡πå ‡πÄ‡∏õ‡πá‡∏ô‡∏´‡∏•‡∏±‡∏Å ‡∏≠‡∏¥‡πà‡∏°‡∏Ñ‡∏∏‡πâ‡∏°‡∏°‡∏≤‡∏Å,0,0.9962916970252991,"['‡∏ó‡∏≤‡∏ô', '‡∏≠‡∏≤‡∏´‡∏≤‡∏£', '‡∏î‡∏µ', '‡∏ô‡πâ‡∏≥', '‡πÄ‡∏•‡∏∑‡∏≠‡∏Å', '‡πÄ‡∏ô‡∏∑‡πâ‡∏≠', '‡∏Å‡∏∏‡πâ‡∏á', '‡∏£‡∏≤‡∏Ñ‡∏≤', '‡∏ö‡∏≤‡∏ó', '‡∏£‡∏™‡∏ä‡∏≤‡∏ï‡∏¥']","['‡πÄ‡∏°‡∏ô‡∏π', '‡πÄ‡∏ó‡∏°‡∏õ‡∏∏‡∏£‡∏∞', '‡∏ã‡∏π‡∏ä‡∏¥', '‡∏ö‡∏∏‡∏ü‡πÄ‡∏ü‡πà‡∏ï‡πå', '‡∏à‡∏¥‡πâ‡∏°']"
Shabushi (‡∏ä‡∏≤‡∏ö‡∏π‡∏ä‡∏¥) ‡πÄ‡∏î‡∏≠‡∏∞‡∏°‡∏≠‡∏•‡∏•‡πå‡∏ö‡∏≤‡∏á‡∏Å‡∏∞‡∏õ‡∏¥ ‡∏ä‡∏±‡πâ‡∏ô G,"‡∏´‡πà‡∏≤‡∏á‡∏´‡∏≤‡∏¢‡πÑ‡∏õ‡∏ô‡∏≤‡∏ô‡∏™‡∏≥‡∏´‡∏£‡∏±‡∏ö‡∏ä‡∏≤‡∏ö‡∏π‡∏ä‡∏¥ ‡∏ï‡∏±‡πâ‡∏á‡πÅ‡∏ï‡πà‡∏ó‡∏≤‡∏á‡∏£‡πâ‡∏≤‡∏ô‡πÑ‡∏î‡πâ‡∏õ‡∏£‡∏±‡∏ö‡∏Ç‡∏∂‡πâ‡∏ô‡∏£‡∏≤‡∏Ñ‡∏≤ ‡πÅ‡∏ñ‡∏°‡∏•‡∏î‡πÄ‡∏ß‡∏•‡∏≤‡∏•‡∏á‡∏î‡πâ‡∏ß‡∏¢ ‡∏Ñ‡∏∏‡∏ì‡∏†‡∏≤‡∏û‡∏≠‡∏≤‡∏´‡∏≤‡∏£‡∏î‡∏π‡πÅ‡∏¢‡πà‡∏•‡∏á ‡∏Å‡πá‡∏•‡∏≤‡∏Ç‡∏≤‡∏î ‡∏ß‡∏±‡∏ô‡∏ô‡∏µ‡πâ‡∏Å‡∏•‡∏±‡∏ö‡∏°‡∏≤‡∏≠‡∏µ‡∏Å‡∏Ñ‡∏£‡∏±‡πâ‡∏á ‡πÄ‡∏ô‡∏∑‡πà‡∏≠‡∏á‡∏à‡∏≤‡∏Å‡πÑ‡∏î‡πâ‡∏¢‡∏¥‡∏ô‡∏Ç‡πà‡∏≤‡∏ß‡∏°‡∏≤‡∏ß‡πà‡∏≤ ""‡∏Å‡∏∏‡πâ‡∏á‡∏õ‡∏≠‡∏Å‡πÄ‡∏õ‡∏•‡∏∑‡∏≠‡∏Å"" ‡∏Å‡∏•‡∏±‡∏ö‡∏°‡∏≤‡πÅ‡∏•‡πâ‡∏ß ‡∏á‡∏≤‡∏ô‡∏ô‡∏µ‡πâ‡πÄ‡∏•‡∏¢‡∏°‡∏≤‡πÄ‡∏û‡∏£‡∏≤‡∏∞‡∏Å‡∏∏‡πâ‡∏á‡∏Ñ‡πà‡∏∞ 

Shabushi ‡∏ï‡∏±‡πâ‡∏á‡∏≠‡∏¢‡∏π‡πà‡∏ä‡∏±‡πâ‡∏ô G ‡∏Ç‡∏≠‡∏á‡∏´‡πâ‡∏≤‡∏á‡πÄ‡∏î‡∏≠‡∏∞‡∏°‡∏≠‡∏•‡∏•‡πå ‡∏ö‡∏≤‡∏á‡∏Å‡∏∞‡∏õ‡∏¥ ‡∏ï‡∏±‡∏ß‡∏£‡πâ‡∏≤‡∏ô‡∏ï‡∏±‡πâ‡∏á‡∏≠‡∏¢‡∏π‡πà‡πÇ‡∏ã‡∏ô‡∏´‡∏ô‡πâ‡∏≤‡∏´‡πâ‡∏≤‡∏á ‡∏ù‡∏±‡πà‡∏á‡∏ï‡∏¥‡∏î‡∏ñ‡∏ô‡∏ô‡πÉ‡∏´‡∏ç‡πà ‡∏´‡∏≤‡πÑ‡∏°‡πà‡∏¢‡∏≤‡∏Å‡∏Ñ‡πà‡∏∞ ‡∏£‡πâ‡∏≤‡∏ô‡πÉ‡∏´‡∏ç‡πà ‡πÄ‡∏î‡πà‡∏ô‡∏°‡∏≤‡∏Å ‡∏™‡∏≥‡∏´‡∏£‡∏±‡∏ö‡∏™‡∏≤‡∏Ç‡∏≤‡∏ô‡∏µ‡πâ‡∏ñ‡πâ‡∏≤‡πÄ‡∏õ‡πá‡∏ô‡∏ß‡∏±‡∏ô‡πÄ‡∏™‡∏≤‡∏£‡πå-‡∏≠‡∏≤‡∏ó‡∏¥‡∏ï‡∏¢‡πå ‡∏´‡∏£‡∏∑‡∏≠‡∏ñ‡πâ‡∏≤‡∏ï‡∏£‡∏á‡∏Å‡∏±‡∏ö‡∏ß‡∏±‡∏ô‡∏´‡∏¢‡∏∏‡∏î ‡∏Ñ‡∏ô‡∏à‡∏∞‡πÄ‡∏¢‡∏≠‡∏∞‡∏°‡∏≤‡∏Å ‡∏£‡∏≠‡∏Ñ‡∏¥‡∏ß‡∏ô‡∏≤‡∏ô‡∏°‡∏≤‡∏Å‡πÜ (‡∏ô‡∏µ‡πà‡πÄ‡∏õ‡πá‡∏ô‡∏≠‡∏µ‡∏Å‡∏´‡∏ô‡∏∂‡πà‡∏á‡∏™‡∏≤‡πÄ‡∏´‡∏ï‡∏∏‡∏ó‡∏µ‡πà‡πÄ‡∏•‡∏¥‡∏Å‡∏Å‡∏¥‡∏ô) ‡πÅ‡∏ï‡πà‡∏ñ‡πâ‡∏≤‡πÄ‡∏õ‡πá‡∏ô‡∏ß‡∏±‡∏ô‡∏ò‡∏£‡∏£‡∏°‡∏î‡∏≤‡∏Ñ‡∏ô‡πÑ‡∏°‡πà‡∏Ñ‡πà‡∏≠‡∏¢‡πÄ‡∏¢‡∏≠‡∏∞‡πÄ‡∏ó‡πà‡∏≤‡πÑ‡∏´‡∏£‡πà‡∏Ñ‡πà‡∏∞ ‡∏£‡πâ‡∏≤‡∏ô‡∏Å‡∏ß‡πâ‡∏≤‡∏á‡∏Ç‡∏ß‡∏≤‡∏á ‡∏à‡∏∏‡∏Ñ‡∏ô‡πÑ‡∏î‡πâ‡πÄ‡∏¢‡∏≠‡∏∞ ‡πÅ‡∏ï‡πà‡∏ñ‡πâ‡∏≤‡∏Ñ‡∏ô‡πÅ‡∏ô‡πà‡∏ô‡πÜ‡∏Å‡πá‡∏£‡∏π‡πâ‡∏™‡∏∂‡∏Å‡πÅ‡∏≠‡∏≠‡∏±‡∏î‡πÄ‡∏´‡∏°‡∏∑‡∏≠‡∏ô‡∏Å‡∏±‡∏ô‡∏Ñ‡πà‡∏∞

‡∏™‡∏≥‡∏´‡∏£‡∏±‡∏ö‡∏≠‡∏≤‡∏´‡∏≤‡∏£‡∏Ç‡∏≠‡∏á‡∏™‡∏≤‡∏Ç‡∏≤‡∏ô‡∏µ‡πâ ‡∏ñ‡πâ‡∏≤‡πÄ‡∏ó‡∏µ‡∏¢‡∏ö‡∏Å‡∏±‡∏ö‡∏™‡∏≤‡∏Ç‡∏≤‡∏≠‡∏∑‡πà‡∏ô‡∏ó‡∏µ‡πà‡πÄ‡∏Ñ‡∏¢‡∏Å‡∏¥‡∏ô‡πÅ‡∏•‡πâ‡∏ß‡∏£‡∏π‡πâ‡∏™‡∏∂‡∏Å‡∏ß‡πà‡∏≤ ‡∏™‡∏î ‡∏™‡∏∞‡∏≠‡∏≤‡∏î ‡πÉ‡∏ô‡∏£‡∏∞‡∏î‡∏±‡∏ö‡πÉ‡∏ä‡πâ‡πÑ‡∏î‡πâ‡∏Ñ‡πà‡∏∞ ‡πÅ‡∏ï‡πà‡∏Ç‡∏≠‡∏á‡∏ö‡∏ô‡∏™‡∏≤‡∏¢‡∏û‡∏≤‡∏ô‡∏≠‡∏≠‡∏Å‡πÑ‡∏°‡πà‡∏Ñ‡∏£‡∏ö‡∏ô‡∏∞‡∏Ñ‡∏∞ ‡∏ö‡∏≤‡∏á‡∏£‡∏≤‡∏¢‡∏Å‡∏≤‡∏£‡∏ï‡πâ‡∏≠‡∏á‡∏Ç‡∏≠‡∏à‡∏≤‡∏Å‡∏û‡∏ô‡∏±‡∏Å‡∏á‡∏≤‡∏ô‡∏Ñ‡πà‡∏∞ ‡∏ñ‡∏∂‡∏á‡∏à‡∏∞‡πÑ‡∏î‡πâ‡∏Å‡∏¥‡∏ô ‡πÅ‡∏ï‡πà‡∏Å‡∏∏‡πâ‡∏á‡∏™‡∏î‡∏≠‡∏≠‡∏Å‡∏°‡∏≤‡∏ï‡∏•‡∏≠‡∏î‡∏Ñ‡πà‡∏∞ ‡πÑ‡∏°‡πà‡∏Ç‡∏≤‡∏î ‡∏ñ‡∏π‡∏Å‡πÉ‡∏à‡∏°‡∏≤‡∏Å ‡πÄ‡∏û‡∏£‡∏≤‡∏∞‡∏ß‡∏±‡∏ô‡∏ô‡∏µ‡πâ‡∏ï‡∏±‡πâ‡∏á‡πÉ‡∏à‡∏°‡∏≤‡∏Å‡∏¥‡∏ô‡∏Å‡∏∏‡πâ‡∏á ‡∏£‡∏≤‡∏Ñ‡∏≤‡∏ö‡∏∏‡∏ü‡πÄ‡∏ü‡πà‡∏ï‡πå 359 Net/‡∏Ñ‡∏ô ‡∏Å‡∏¥‡∏ô‡πÑ‡∏î‡πâ 1 ‡∏ä‡∏±‡πà‡∏ß‡πÇ‡∏°‡∏á 15 ‡∏ô‡∏≤‡∏ó‡∏µ ‡πÇ‡∏î‡∏¢‡∏õ‡∏£‡∏∞‡∏°‡∏≤‡∏ì‡∏Ñ‡πà‡∏∞

‡∏≠‡∏≤‡∏´‡∏≤‡∏£‡∏ó‡∏µ‡πà‡∏ó‡∏≤‡∏ô‡∏ß‡∏±‡∏ô‡∏ô‡∏µ‡πâ
- ‡∏ã‡∏π‡∏ä‡∏¥ ‡∏£‡∏™‡∏ä‡∏≤‡∏ï‡∏¥‡∏ò‡∏£‡∏£‡∏°‡∏î‡∏≤‡∏Ñ‡πà‡∏∞ ‡∏õ‡∏•‡∏≤‡∏î‡∏¥‡∏ö‡∏™‡∏î‡πÉ‡∏ä‡πâ‡πÑ‡∏î‡πâ 

- ‡πÇ‡∏≠‡πÄ‡∏î‡πâ‡∏á ‡∏™‡πà‡∏ß‡∏ô‡πÉ‡∏´‡∏ç‡πà‡πÄ‡∏õ‡πá‡∏ô‡∏•‡∏π‡∏Å‡∏ä‡∏¥‡πâ‡∏ô ‡∏£‡∏™‡∏ä‡∏≤‡∏ï‡∏¥‡πÇ‡∏≠‡πÄ‡∏Ñ‡πÄ‡∏•‡∏¢ 

- ‡∏Å‡∏∏‡πâ‡∏á‡πÄ‡∏ó‡∏°‡∏õ‡∏∏‡∏£‡∏∞ ‡∏ó‡∏≠‡∏î‡∏°‡∏≤‡πÑ‡∏î‡πâ‡∏Å‡∏£‡∏≠‡∏ö‡∏î‡∏µ ‡πÑ‡∏°‡πà‡∏≠‡∏°‡∏ô‡πâ‡∏≥‡∏°‡∏±‡∏ô ‡πÅ‡∏ï‡πà‡πÅ‡∏õ‡πâ‡∏á‡∏´‡∏ô‡∏≤‡πÑ‡∏õ‡∏ô‡∏¥‡∏î

- ‡πÄ‡∏ô‡∏∑‡πâ‡∏≠‡∏™‡πÑ‡∏•‡∏î‡πå ‡πÄ‡∏ô‡∏∑‡πâ‡∏≠‡∏™‡πà‡∏ß‡∏ô‡∏ô‡∏µ‡πâ‡∏ï‡∏¥‡∏î‡∏°‡∏±‡∏ô‡∏°‡∏≤‡∏ô‡∏¥‡∏î‡πÜ ‡∏ô‡∏∏‡πà‡∏°‡∏î‡∏µ‡∏Ñ‡πà‡∏∞ 

- ‡πÄ‡∏ö‡∏Ñ‡∏≠‡∏ô ‡∏™‡πÑ‡∏•‡∏î‡πå‡∏°‡∏≤‡∏ö‡∏≤‡∏á‡∏°‡∏≤‡∏Å ‡∏ô‡∏∏‡πà‡∏°‡πÅ‡∏•‡∏∞‡∏´‡∏≠‡∏° ‡∏≠‡∏£‡πà‡∏≠‡∏¢

- ‡∏Å‡∏∏‡πâ‡∏á‡∏™‡∏î ‡∏õ‡∏≠‡∏Å‡πÄ‡∏õ‡∏•‡∏∑‡∏≠‡∏Å‡∏°‡∏≤‡∏≠‡∏¢‡πà‡∏≤‡∏á‡∏î‡∏µ ‡∏à‡∏≤‡∏Å‡∏ó‡∏µ‡πà‡πÄ‡∏°‡∏∑‡πà‡∏≠‡∏Å‡πà‡∏≠‡∏ô‡πÄ‡∏´‡∏°‡∏∑‡∏≠‡∏ô‡∏Å‡∏∏‡πâ‡∏á‡∏Ç‡∏≤‡∏î‡∏™‡∏≤‡∏£‡∏≠‡∏≤‡∏´‡∏≤‡∏£ ‡∏™‡∏î‡∏î‡∏µ ‡∏ï‡∏±‡∏ß‡πÉ‡∏´‡∏ç‡πà‡πÉ‡∏ä‡πâ‡πÑ‡∏î‡πâ ‡∏Å‡∏¥‡∏ô‡∏Ñ‡∏ô‡πÄ‡∏î‡∏µ‡∏¢‡∏ß 5 ‡∏à‡∏≤‡∏ô‡πÑ‡∏î‡πâ‡∏Ñ‡πà‡∏∞

- ‡∏´‡∏≠‡∏¢‡∏ï‡∏•‡∏±‡∏ö ‡∏ï‡∏±‡∏ß‡πÑ‡∏°‡πà‡πÉ‡∏´‡∏ç‡πà‡∏°‡∏≤‡∏Å ‡πÅ‡∏ï‡πà‡∏™‡∏î ‡πÄ‡∏ô‡∏∑‡πâ‡∏≠‡∏´‡∏ß‡∏≤‡∏ô‡πÄ‡∏î‡πâ‡∏á‡∏î‡∏µ

- ‡∏ï‡∏±‡∏ö‡∏´‡∏°‡∏π ‡∏™‡∏î‡πÅ‡∏•‡∏∞‡∏ô‡∏∏‡πà‡∏°‡∏î‡∏µ

- ‡∏ô‡πâ‡∏≥‡∏ù‡∏£‡∏±‡πà‡∏á ‡πÄ‡∏õ‡∏£‡∏µ‡πâ‡∏¢‡∏ß‡∏´‡∏ß‡∏≤‡∏ô ‡∏ä‡∏∑‡πà‡∏ô‡πÉ‡∏à‡∏î‡∏µ ‡πÅ‡∏ï‡πà‡∏ß‡∏≤‡∏á‡∏ó‡∏¥‡πâ‡∏á‡πÑ‡∏ß‡πâ‡∏ô‡∏≤‡∏ô‡πÜ‡πÅ‡∏•‡πâ‡∏ß‡∏à‡∏∑‡∏î‡∏Ñ‡πà‡∏∞ 

- ‡πÇ‡∏ü‡∏•‡∏ï‡πÑ‡∏≠‡∏®‡∏Å‡∏£‡∏µ‡∏°‡∏ß‡∏≤‡∏ô‡∏¥‡∏•‡∏≤ ‡πÄ‡∏°‡∏ô‡∏π‡∏Ç‡∏≠‡∏á‡∏´‡∏ß‡∏≤‡∏ô‡∏ó‡∏µ‡πà‡∏ó‡∏≥‡πÄ‡∏≠‡∏á‡πÇ‡∏î‡∏¢‡∏Å‡∏≤‡∏£‡∏Å‡∏î‡∏™‡πÑ‡∏õ‡∏£‡∏ó‡πå‡∏Ñ‡∏£‡∏∂‡πà‡∏á‡πÅ‡∏Å‡πâ‡∏ß ‡πÅ‡∏•‡πâ‡∏ß‡∏ï‡∏±‡∏Å‡πÑ‡∏≠‡∏ï‡∏¥‡∏°‡∏ß‡∏≤‡∏ô‡∏¥‡∏•‡∏≤ 1 ‡∏•‡∏π‡∏Å‡πÉ‡∏™‡πà‡∏•‡∏á‡πÑ‡∏õ‡∏Å‡πá‡∏Å‡∏¥‡∏ô‡πÑ‡∏î‡πâ‡πÅ‡∏•‡πâ‡∏ß‡∏Ñ‡πà‡∏∞ ‡∏´‡∏ß‡∏≤‡∏ô‡∏´‡∏≠‡∏° ‡∏ä‡∏∑‡πà‡∏ô‡πÉ‡∏à‡∏î‡∏µ‡∏Ñ‡πà‡∏∞


‡πÇ‡∏î‡∏¢‡∏£‡∏ß‡∏°‡πÅ‡∏•‡πâ‡∏ß‡∏™‡∏≥‡∏´‡∏£‡∏±‡∏ö‡∏°‡∏∑‡πâ‡∏≠‡∏ô‡∏µ‡πâ‡∏ñ‡∏∑‡∏≠‡∏ß‡πà‡∏≤‡∏Ñ‡∏∏‡πâ‡∏°‡∏Ñ‡πà‡∏∞ ‡πÑ‡∏°‡πà‡∏ú‡∏¥‡∏î‡∏´‡∏ß‡∏±‡∏á‡∏ó‡∏µ‡πà‡∏Å‡∏•‡∏±‡∏ö‡∏°‡∏≤‡∏≠‡∏µ‡∏Å‡∏Ñ‡∏£‡∏±‡πâ‡∏á ‡πÅ‡∏ï‡πà‡∏Ç‡∏≠‡∏ï‡∏¥‡∏á‡πÄ‡∏£‡∏∑‡πà‡∏≠‡∏á‡πÄ‡∏ß‡∏•‡∏≤ 1 ‡∏ä‡∏±‡πà‡∏ß‡πÇ‡∏°‡∏á 15 ‡∏ô‡∏≤‡∏ó‡∏µ ‡∏™‡πà‡∏ß‡∏ô‡∏ï‡∏±‡∏ß‡πÅ‡∏•‡πâ‡∏ß‡∏Ñ‡∏¥‡∏î‡∏ß‡πà‡∏≤‡∏ô‡πâ‡∏≠‡∏¢‡πÑ‡∏õ‡∏´‡∏ô‡πà‡∏≠‡∏¢‡∏Ñ‡πà‡∏∞ ‡πÉ‡∏Ñ‡∏£‡∏ó‡∏µ‡πà‡πÑ‡∏õ‡∏Å‡∏¥‡∏ô‡∏Å‡πá‡∏î‡∏π‡πÄ‡∏ß‡∏•‡∏≤‡∏ô‡∏¥‡∏î‡∏ô‡∏∂‡∏á ‡∏≠‡∏¢‡πà‡∏≤‡∏Å‡∏¥‡∏ô‡πÄ‡∏û‡∏•‡∏¥‡∏ô ‡πÄ‡∏´‡∏•‡∏∑‡∏≠‡πÄ‡∏ß‡∏•‡∏≤‡πÑ‡∏ß‡πâ‡∏ï‡∏≠‡∏ô‡πÄ‡∏ä‡πá‡∏Ñ‡∏ö‡∏¥‡∏•‡∏î‡πâ‡∏ß‡∏¢‡∏Å‡πá‡∏î‡∏µ ‡∏Ñ‡πà‡∏∞ ‡πÄ‡∏û‡∏£‡∏≤‡∏∞‡∏ñ‡πâ‡∏≤‡∏Ñ‡∏ô‡∏£‡∏≠‡πÄ‡∏ä‡πá‡∏Ñ‡∏ö‡∏¥‡∏•‡πÄ‡∏¢‡∏≠‡∏∞‡πÅ‡∏•‡πâ‡∏ß‡∏¢‡∏±‡∏á‡πÑ‡∏°‡πà‡∏ñ‡∏∂‡∏á‡∏Ñ‡∏¥‡∏ß‡πÄ‡∏£‡∏≤ ‡∏ñ‡πâ‡∏≤‡πÄ‡∏Å‡∏¥‡∏ô‡πÄ‡∏ß‡∏•‡∏≤‡∏à‡∏∞‡πÇ‡∏î‡∏ô‡∏õ‡∏£‡∏±‡∏ö‡πÄ‡∏≠‡∏≤‡πÑ‡∏î‡πâ‡∏ô‡∏∞‡∏Ñ‡∏∞ (‡πÄ‡∏û‡∏∑‡πà‡∏≠‡∏ô‡πÇ‡∏î‡∏ô‡∏°‡∏≤‡πÅ‡∏•‡πâ‡∏ß‡∏Ñ‡πà‡∏∞)",1,0.9994977712631226,"['‡∏Å‡∏¥‡∏ô', '‡∏î‡∏µ', '‡∏ô‡πâ‡∏≥', '‡∏≠‡∏≤‡∏´‡∏≤‡∏£', '‡∏Ñ‡∏ô', '‡πÄ‡∏ô‡∏∑‡πâ‡∏≠', '‡∏ó‡∏≤‡∏ô', '‡∏£‡∏≤‡∏Ñ‡∏≤', '‡∏ö‡∏≤‡∏ó', '‡∏™‡∏î']",['‡πÄ‡∏ß‡∏•‡∏≤']
Shabushi (‡∏ä‡∏≤‡∏ö‡∏π‡∏ä‡∏¥) ‡πÄ‡∏î‡∏≠‡∏∞‡∏°‡∏≠‡∏•‡∏•‡πå‡∏ö‡∏≤‡∏á‡∏Å‡∏∞‡∏õ‡∏¥ ‡∏ä‡∏±‡πâ‡∏ô G,"‡πÄ‡∏°‡∏∑‡πà‡∏≠‡∏´‡∏•‡∏≤‡∏¢‡∏ß‡∏±‡∏ô‡∏Å‡πà‡∏≠‡∏ô‡∏ô‡∏±‡∏î‡∏´‡∏≤‡∏Ç‡πâ‡∏≤‡∏ß‡∏ó‡∏≤‡∏ô‡∏Å‡∏±‡∏ö‡πÄ‡∏î‡∏≠‡∏∞‡πÅ‡∏Å‡∏á‡∏Ñ‡πå ‡πÅ‡∏•‡∏∞‡∏Å‡πá‡∏•‡∏á‡πÄ‡∏≠‡∏¢‡∏î‡πâ‡∏ß‡∏¢‡∏≠‡∏≤‡∏´‡∏≤‡∏£‡∏ö‡∏∏‡∏ü‡πÄ‡∏ü‡πà‡∏ï‡πå‡∏£‡πâ‡∏≤‡∏ô‡∏ô‡∏µ‡πâ‡∏Ñ‡πà‡∏∞ 

‡∏£‡πâ‡∏≤‡∏ô‡∏ô‡∏µ‡πâ‡∏ï‡∏±‡πâ‡∏á‡∏≠‡∏¢‡∏∏‡πà‡∏ä‡∏±‡πâ‡∏ô G ‡πÉ‡∏´‡∏ç‡πà‡∏û‡∏≠‡∏™‡∏°‡∏Ñ‡∏ß‡∏£

‡∏£‡∏≤‡∏Ñ‡∏≤‡∏ï‡πà‡∏≠‡∏Ñ‡∏ô : 359 ‡∏ö‡∏≤‡∏ó ‡πÄ‡∏ß‡∏•‡∏≤1:15 ‡∏ä‡∏°.

‡∏£‡∏™‡∏ä‡∏≤‡∏ï‡∏¥: ‡∏≠‡∏≤‡∏´‡∏≤‡∏£‡∏™‡∏î ‡πÉ‡∏´‡∏°‡πà
‡∏´‡∏°‡∏∏‡∏™‡πÑ‡∏•‡∏î‡πå ‡∏£‡∏™‡∏ä‡∏≤‡∏ï‡∏¥‡∏î‡∏µ ‡∏ô‡∏∏‡πà‡∏° ‡∏≠‡∏£‡πà‡∏≠‡∏¢
‡∏ã‡∏π‡∏ä‡∏¥ ‡∏û‡∏≠‡∏ó‡∏≤‡∏ô‡πÑ‡∏î‡πâ‡∏Ñ‡πà‡∏∞ ‡∏≠‡∏≠‡∏Å‡∏ï‡∏•‡∏≠‡∏î 
‡πÑ‡∏≠‡∏®‡∏Å‡∏£‡∏µ‡∏°: ‡∏´‡∏•‡∏≤‡∏Å‡∏£‡∏™ ‡∏ß‡∏ô‡∏¥‡∏•‡∏≤ ‡∏™‡∏ï‡∏≠‡πÄ‡∏ö‡∏≠‡∏£‡πå‡∏£‡∏µ‡πà ‡∏ä‡∏≠‡∏Ñ‡πÇ‡∏Å‡πÅ‡∏•‡∏ï ‡∏°‡∏∞‡∏ô‡∏≤‡∏ß ‡∏Ø
‡πÅ‡∏•‡∏∞‡∏≠‡∏∑‡πà‡∏ô‡πÜ‡∏≠‡∏µ‡∏Å‡∏°‡∏≤‡∏Å‡∏°‡∏≤‡∏¢",0,0.9967776536941528,"['‡∏ó‡∏≤‡∏ô', '‡∏≠‡∏≤‡∏´‡∏≤‡∏£', '‡∏î‡∏µ', '‡∏ô‡πâ‡∏≥', '‡πÄ‡∏•‡∏∑‡∏≠‡∏Å', '‡πÄ‡∏ô‡∏∑‡πâ‡∏≠', '‡∏Å‡∏∏‡πâ‡∏á', '‡∏£‡∏≤‡∏Ñ‡∏≤', '‡∏ö‡∏≤‡∏ó', '‡∏£‡∏™‡∏ä‡∏≤‡∏ï‡∏¥']","['‡πÄ‡∏°‡∏ô‡∏π', '‡πÄ‡∏ó‡∏°‡∏õ‡∏∏‡∏£‡∏∞', '‡∏ã‡∏π‡∏ä‡∏¥', '‡∏ö‡∏∏‡∏ü‡πÄ‡∏ü‡πà‡∏ï‡πå', '‡∏à‡∏¥‡πâ‡∏°']"
Shabushi (‡∏ä‡∏≤‡∏ö‡∏π‡∏ä‡∏¥) ‡πÄ‡∏î‡∏≠‡∏∞‡∏°‡∏≠‡∏•‡∏•‡πå‡∏ö‡∏≤‡∏á‡∏Å‡∏∞‡∏õ‡∏¥ ‡∏ä‡∏±‡πâ‡∏ô G,‡∏ö‡∏≠‡∏Å‡∏ï‡∏£‡∏á‡πÜ‡∏ß‡πà‡∏≤‡∏´‡∏•‡∏≤‡∏¢‡∏Ñ‡∏£‡∏±‡πâ‡∏á‡∏ó‡∏µ‡πà‡πÄ‡∏•‡∏∑‡∏≠‡∏Å‡∏à‡∏∞‡∏Å‡∏¥‡∏ô‡∏ö‡∏∏‡∏ü‡πÄ‡∏ü‡∏ï‡πå‡∏à‡∏∞‡∏ï‡πâ‡∏≠‡∏á‡∏≠‡∏≤‡∏£‡∏≤‡∏°‡∏ì‡πå‡πÄ‡∏™‡∏µ‡∏¢‡∏Å‡∏±‡∏ö‡∏Å‡∏≤‡∏£‡∏£‡∏≠‡∏Ñ‡∏¥‡∏ß‡∏ô‡∏≤‡∏ô‡πÜ‡∏à‡∏ô‡∏™‡∏∏‡∏î‡∏ó‡πâ‡∏≤‡∏¢‡πÄ‡∏•‡∏¥‡∏Å‡∏£‡∏≠‡πÑ‡∏°‡πà‡∏Å‡∏¥‡∏ô‡∏°‡∏±‡∏ô‡∏ã‡∏∞‡πÄ‡∏•‡∏¢ ‡∏¢‡∏¥‡πà‡∏á Shabushi ‡∏ô‡∏∞‡∏Ñ‡∏ô‡πÄ‡∏¢‡∏≠‡∏∞‡∏ï‡∏•‡∏≠‡∏î ‡πÅ‡∏ï‡πà‡∏ß‡∏±‡∏ô‡∏ô‡∏µ‡πâ‡πÇ‡∏ä‡∏Ñ‡∏î‡∏µ‡∏Ñ‡∏ô‡∏ô‡πâ‡∏≠‡∏¢‡∏ô‡πà‡∏≤‡∏à‡∏∞‡∏£‡∏≠‡πÑ‡∏î‡πâ‡∏Ç‡∏≠‡∏à‡∏±‡∏î‡∏ã‡∏∞‡∏´‡∏ô‡πà‡∏≠‡∏¢‡∏û‡∏•‡∏≤‡∏î‡∏°‡∏≤‡∏´‡∏•‡∏≤‡∏¢‡∏£‡∏≠‡∏ö‡∏´‡∏•‡πà‡∏∞ ‡πÄ‡∏•‡∏¢‡πÑ‡∏õ‡∏à‡∏≠‡∏á‡∏Ñ‡∏¥‡∏ß ‡∏ß‡∏±‡∏ô‡∏ô‡∏µ‡πâ‡∏°‡∏≤‡∏Å‡∏¥‡∏ô‡∏ó‡∏µ‡πà‡∏™‡∏≤‡∏Ç‡∏≤‡πÄ‡∏î‡∏≠‡∏∞‡∏°‡∏≠‡∏•‡∏•‡πå ‡∏ö‡∏≤‡∏á‡∏Å‡∏∞‡∏õ‡∏¥ ‡∏£‡πâ‡∏≤‡∏ô‡∏≠‡∏¢‡∏π‡πà‡∏ä‡∏±‡πâ‡∏ô G ‡πÉ‡∏Å‡∏•‡πâ‡πÜ‡∏Å‡∏±‡∏ö‡∏õ‡∏£‡∏∞‡∏ï‡∏π‡∏õ‡∏ó‡∏≤‡∏á‡πÄ‡∏Ç‡πâ‡∏≤‡∏´‡∏ô‡πâ‡∏≤‡∏´‡πâ‡∏≤‡∏á‡πÄ‡∏•‡∏¢ ‡∏û‡∏≠‡πÑ‡∏î‡πâ‡∏ó‡∏µ‡πà‡∏ô‡∏±‡πà‡∏á‡πÅ‡∏•‡πâ‡∏ß‡∏Å‡πá‡∏´‡∏¢‡∏¥‡∏ö‡πÜ‡∏ó‡∏∏‡∏Å‡∏≠‡∏¢‡πà‡∏≤‡∏á‡∏ó‡∏µ‡πà‡∏≠‡∏¢‡∏≤‡∏Å‡∏Å‡∏¥‡∏ô‡πÅ‡∏ö‡∏ö‡∏ä‡∏±‡πà‡∏ß‡πÇ‡∏°‡∏á‡∏Ñ‡∏£‡∏∂‡πà‡∏á‡∏ô‡∏±‡∏ö‡∏à‡∏≤‡∏Å‡∏ô‡∏µ‡πâ‡∏û‡∏µ‡πà‡∏Ç‡∏≠‡∏à‡∏±‡∏î‡πÄ‡∏ï‡πá‡∏° ‡πÇ‡∏î‡∏¢‡∏£‡πà‡∏ß‡∏°‡πÜ‡πÄ‡∏£‡∏≤‡∏ß‡πà‡∏≤‡∏û‡∏ß‡∏Å‡πÄ‡∏ô‡∏∑‡πâ‡∏≠ ‡∏ú‡∏±‡∏Å ‡∏ä‡∏π‡∏ä‡∏¥ ‡∏Å‡πá‡∏î‡∏π‡πÇ‡∏≠‡πÄ‡∏Ñ‡∏ô‡∏∞‡∏ú‡∏±‡∏Å‡∏î‡∏π‡∏™‡∏î‡∏Å‡∏ß‡πà‡∏≤‡∏´‡∏•‡∏≤‡∏¢‡πÜ‡∏£‡πâ‡∏≤‡∏ô‡∏ó‡∏µ‡πà‡πÄ‡∏õ‡πá‡∏ô‡∏ö‡∏∏‡∏ü‡πÄ‡∏ü‡∏ï‡πå‡∏™‡∏≤‡∏¢‡∏û‡∏≤‡∏ô‡∏£‡πâ‡∏≤‡∏ô‡∏≠‡∏∑‡πà‡∏ô‡πÜ ‡∏û‡∏ô‡∏±‡∏Å‡∏á‡∏≤‡∏ô‡∏Ç‡∏¢‡∏±‡∏ô‡πÄ‡∏î‡∏¥‡∏ô‡∏î‡∏µ ‡∏£‡∏≤‡∏Ñ‡∏≤‡∏™‡∏≤‡∏°‡∏£‡πâ‡∏≠‡∏¢‡∏Å‡∏ß‡πà‡∏≤‡∏ö‡∏≤‡∏ó‡∏ï‡πà‡∏≠‡∏Ñ‡∏ô‡∏Å‡πá‡πÑ‡∏°‡πà‡πÅ‡∏û‡∏á‡∏ô‡∏∞,1,0.9981503486633301,"['‡∏Å‡∏¥‡∏ô', '‡∏î‡∏µ', '‡∏ô‡πâ‡∏≥', '‡∏≠‡∏≤‡∏´‡∏≤‡∏£', '‡∏Ñ‡∏ô', '‡πÄ‡∏ô‡∏∑‡πâ‡∏≠', '‡∏ó‡∏≤‡∏ô', '‡∏£‡∏≤‡∏Ñ‡∏≤', '‡∏ö‡∏≤‡∏ó', '‡∏™‡∏î']",['‡πÄ‡∏ß‡∏•‡∏≤']
Shabushi (‡∏ä‡∏≤‡∏ö‡∏π‡∏ä‡∏¥) ‡πÄ‡∏î‡∏≠‡∏∞‡∏°‡∏≠‡∏•‡∏•‡πå‡∏ö‡∏≤‡∏á‡∏Å‡∏∞‡∏õ‡∏¥ ‡∏ä‡∏±‡πâ‡∏ô G,‡∏™‡∏ß‡∏±‡∏™‡∏î‡∏µ‡∏Ñ‡∏£‡∏±‡∏ö‡∏ß‡∏±‡∏ô‡∏ô‡∏µ‡πâ‡∏à‡∏∞‡∏Ç‡∏≠‡∏°‡∏≤‡∏£‡∏µ‡∏ß‡∏¥‡∏ß‡∏£‡πâ‡∏≤‡∏ô‡∏ä‡∏≤‡∏ö‡∏π‡∏ä‡∏¥ ‡∏ö‡∏∏‡∏ü‡πÄ‡∏ü‡∏Ç‡∏ß‡∏±‡∏ç‡πÉ‡∏à‡∏Ç‡∏≠‡∏á‡πÉ‡∏Ñ‡∏£‡πÜ ‡∏´‡∏•‡∏≤‡∏¢‡∏Ñ‡∏ô‡πÄ‡∏°‡∏ô‡∏π‡∏ó‡∏≤‡∏á‡∏£‡πâ‡∏≤‡∏ô‡∏°‡∏µ‡πÉ‡∏´‡πâ‡πÄ‡∏•‡∏∑‡∏≠‡∏Å‡∏°‡∏≤‡∏Å‡∏°‡∏≤‡∏¢ ‡∏ú‡πà‡∏≤‡∏ô‡∏£‡∏∞‡∏ö‡∏ö‡∏™‡∏≤‡∏¢‡∏û‡∏≤‡∏ô‡∏ó‡∏µ‡πà‡πÉ‡∏´‡πâ‡∏•‡∏π‡∏Å‡∏Ñ‡πâ‡∏≤‡∏™‡∏≤‡∏°‡∏≤‡∏£‡∏ñ‡∏´‡∏¢‡∏¥‡∏ö‡πÑ‡∏î‡πâ‡∏≠‡∏¢‡πà‡∏≤‡∏á‡∏ó‡∏±‡πà‡∏ß‡∏ñ‡∏∂‡∏á ‡∏°‡∏µ‡∏ó‡∏±‡πâ‡∏á‡∏Ç‡πâ‡∏≠‡∏î‡∏µ‡πÅ‡∏•‡∏∞‡πÄ‡∏™‡∏µ‡∏¢ 555 ‡∏Å‡∏≤‡∏£‡∏ö‡∏£‡∏¥‡∏Å‡∏≤‡∏£‡∏Å‡πá‡∏î‡∏µ‡∏Ñ‡∏£‡∏±‡∏ö ‡πÄ‡∏Å‡πâ‡∏ö‡∏à‡∏≤‡∏ô‡∏ó‡∏µ‡πà‡πÉ‡∏ä‡πâ‡πÅ‡∏•‡πâ‡∏ß‡∏≠‡∏¢‡∏π‡πà‡πÄ‡∏£‡∏∑‡πà‡∏≠‡∏¢ ‡∏ô‡πç‡πâ‡∏≤‡∏ã‡∏∏‡∏õ‡∏Å‡πá‡∏™‡∏≤‡∏°‡∏≤‡∏£‡∏ñ‡πÄ‡∏•‡∏∑‡∏≠‡∏Å‡πÑ‡∏î‡πâ‡∏ï‡∏≤‡∏°‡πÅ‡∏ö‡∏ö‡∏ó‡∏µ‡πà‡∏ï‡πâ‡∏≠‡∏á‡∏Å‡∏≤‡∏£ ‡∏ô‡πç‡πâ‡∏≤‡∏à‡∏¥‡πâ‡∏°‡∏Å‡πá‡∏≠‡∏£‡πà‡∏≠‡∏¢‡∏Ñ‡∏£‡∏±‡∏ö ‡πÉ‡∏Ñ‡∏£‡∏°‡∏µ‡πà‡πÑ‡∏°‡πà‡πÄ‡∏Ñ‡∏¢‡∏ó‡∏≤‡∏ô‡∏ï‡πâ‡∏≠‡∏á‡∏•‡∏≠‡∏á‡∏ó‡∏≤‡∏ô‡∏î‡∏π‡∏ô‡∏∞‡∏Ñ‡∏£‡∏±‡∏ö‡∏≠‡∏£‡πà‡∏≠‡∏¢‡∏Ñ‡∏∏‡πâ‡∏°,2,0.9964229464530945,"['‡πÄ‡∏ô‡∏∑‡πâ‡∏≠', '‡∏ô‡πâ‡∏≥', '‡∏≠‡∏£‡πà‡∏≠‡∏¢', '‡∏ó‡∏≤‡∏ô', '‡πÄ‡∏•‡∏∑‡∏≠‡∏Å', '', '‡∏î‡∏µ', '‡∏£‡∏≤‡∏Ñ‡∏≤', '‡∏≠‡∏≤‡∏´‡∏≤‡∏£', '‡∏´‡∏ß‡∏≤‡∏ô']","['', '‡∏´‡∏°‡∏π', '‡πÑ‡∏Å‡πà', '‡∏•‡∏≠‡∏á']"
Shabushi (‡∏ä‡∏≤‡∏ö‡∏π‡∏ä‡∏¥) ‡πÄ‡∏î‡∏≠‡∏∞‡∏°‡∏≠‡∏•‡∏•‡πå‡∏ö‡∏≤‡∏á‡∏Å‡∏∞‡∏õ‡∏¥ ‡∏ä‡∏±‡πâ‡∏ô G,"‡∏ä‡∏≤‡∏ö‡∏π‡∏ä‡∏¥ ‡∏™‡∏≤‡∏Ç‡∏≤‡πÄ‡∏î‡∏≠‡∏∞‡∏°‡∏≠‡∏•‡∏•‡πå‡∏ö‡∏≤‡∏á‡∏Å‡∏∞‡∏õ‡∏¥ ‡∏ï‡∏±‡πâ‡∏á‡∏≠‡∏¢‡∏π‡πà‡∏õ‡∏£‡∏∞‡∏ï‡∏π‡∏´‡∏ô‡πâ‡∏≤‡∏´‡πâ‡∏≤‡∏á ‡∏ï‡∏£‡∏á‡∏Ç‡πâ‡∏≤‡∏°‡πÅ‡∏°‡∏Ñ‡πÇ‡∏î‡∏ô‡∏±‡∏•‡πÄ‡∏•‡∏¢‡∏Ñ‡πà‡∏∞ ‡∏Ç‡∏ô‡∏≤‡∏î‡∏£‡πâ‡∏≤‡∏ô‡πÉ‡∏´‡∏ç‡πà‡πÇ‡∏ï‡∏î‡∏µ ‡πÅ‡∏ï‡πà‡πÑ‡∏õ‡∏ó‡∏µ‡πÑ‡∏£‡∏ï‡πâ‡∏≠‡∏á‡∏ï‡πà‡∏≠‡∏Ñ‡∏¥‡∏ß‡∏ï‡∏•‡∏≠‡∏î ‡∏™‡∏±‡πâ‡∏ô‡∏ö‡πâ‡∏≤‡∏á‡∏¢‡∏≤‡∏ß‡∏ö‡πâ‡∏≤‡∏á‡πÅ‡∏•‡πâ‡∏ß‡πÅ‡∏ï‡πà‡πÇ‡∏ä‡∏Ñ‡∏ä‡∏∞‡∏ï‡∏≤ ‡πÅ‡∏ï‡πà‡∏´‡πâ‡∏≤‡∏á‡∏°‡∏±‡∏Å‡∏à‡∏∞‡∏à‡∏±‡∏î‡∏ã‡∏∏‡πâ‡∏°‡∏≠‡∏≠‡∏Å‡∏£‡πâ‡∏≤‡∏ô‡πÇ‡∏ô‡πâ‡∏ô‡∏ô‡∏µ‡πà‡∏ï‡∏£‡∏á‡∏ö‡∏£‡∏¥‡πÄ‡∏ß‡∏ì‡∏•‡∏≤‡∏ô‡∏´‡∏ô‡πâ‡∏≤‡∏£‡πâ‡∏≤‡∏ô‡πÉ‡∏´‡πâ‡πÄ‡∏•‡∏∑‡∏≠‡∏Å‡∏ä‡∏≠‡∏õ‡πÄ‡∏ö‡∏≤‡πÜ‡∏£‡∏∞‡∏´‡∏ß‡πà‡∏≤‡∏á‡∏£‡∏≠ (‡πÄ‡∏õ‡πá‡∏ô‡∏Å‡∏•‡∏¢‡∏∏‡∏ó‡∏ò‡πå‡∏ó‡∏µ‡πà‡∏î‡∏µ‡∏°‡∏≤‡∏Å‡πÜ555)

‡πÉ‡∏ô‡∏£‡πâ‡∏≤‡∏ô‡∏Å‡πá‡∏à‡∏∞‡∏°‡∏µ‡∏ó‡∏±‡πâ‡∏á‡πÄ‡∏Ñ‡∏≤‡∏ô‡πå‡πÄ‡∏ï‡∏≠‡∏£‡πå‡∏¢‡∏≤‡∏ß‡∏´‡∏ô‡πâ‡∏≤‡∏™‡∏≤‡∏¢‡∏û‡∏≤‡∏ô‡∏¢‡∏≤‡∏ß‡πÄ‡∏õ‡πá‡∏ô‡πÅ‡∏ô‡∏ß ‡πÅ‡∏ö‡∏ö‡∏´‡∏°‡πâ‡∏≠‡πÉ‡∏Ñ‡∏£‡∏´‡∏°‡πâ‡∏≠‡∏ó‡πà‡∏≤‡∏ô ‡πÅ‡∏•‡∏∞‡πÇ‡∏ï‡πä‡∏∞‡πÅ‡∏ö‡∏ö‡∏´‡∏°‡∏π‡πà‡∏Ñ‡∏ì‡∏∞‡∏´‡∏°‡πâ‡∏≠‡∏£‡∏ß‡∏°‡∏î‡πâ‡∏ß‡∏¢

‡∏≠‡∏≤‡∏´‡∏≤‡∏£‡∏ö‡∏ô‡∏™‡∏≤‡∏¢‡∏û‡∏≤‡∏ô‡∏Å‡πá‡πÄ‡∏Ñ‡∏•‡∏∑‡πà‡∏≠‡∏ô‡∏ï‡∏±‡∏ß‡∏°‡∏≤‡πÉ‡∏´‡πâ‡πÄ‡∏•‡∏∑‡∏≠‡∏Å‡∏°‡∏≤‡∏Å‡∏°‡∏≤‡∏¢ ‡∏Ñ‡∏≠‡πÄ‡∏ô‡∏∑‡πâ‡∏≠‡∏Å‡πá‡πÅ‡∏ô‡πà‡∏ô‡∏à‡∏≤‡∏ô‡∏î‡∏≥‡∏´‡∏¢‡∏¥‡∏ö‡∏ß‡∏≤‡∏á‡∏ï‡πâ‡∏°‡∏Å‡∏±‡∏ô‡πÄ‡∏•‡∏¢‡∏Ñ‡πà‡∏≤ ‡∏ô‡πâ‡∏≥‡∏ã‡∏∏‡∏õ‡∏°‡∏µ‡πÉ‡∏´‡πâ‡πÄ‡∏•‡∏∑‡∏≠‡∏Å3‡πÅ‡∏ö‡∏ö ‡πÉ‡∏™ ‡∏Ç‡πâ‡∏ô ‡∏ï‡πâ‡∏°‡∏¢‡∏≥(‡∏ñ‡πâ‡∏≤‡∏à‡∏≥‡πÑ‡∏°‡πà‡∏ú‡∏¥‡∏î ‡∏≠‡∏¥‡∏≠‡∏¥)

‡∏Ñ‡∏∏‡∏ì‡∏†‡∏≤‡∏û‡∏≠‡∏≤‡∏´‡∏≤‡∏£‡∏•‡πà‡∏≤‡∏™‡∏∏‡∏î‡∏ó‡∏µ‡πà‡πÑ‡∏õ‡∏ó‡∏≤‡∏ô ‡∏õ‡∏£‡∏±‡∏ö‡∏õ‡∏£‡∏∏‡∏á‡∏î‡∏µ‡∏Ç‡∏∂‡πâ‡∏ô‡∏°‡∏≤‡∏Å ‡∏Ç‡∏≠‡∏á‡∏ó‡∏≤‡∏ô‡πÄ‡∏•‡πà‡∏ô‡πÄ‡∏ä‡πà‡∏ô ‡∏ä‡∏π‡∏ä‡∏¥ ‡∏Ç‡πâ‡∏≤‡∏ß‡∏õ‡∏±‡πâ‡∏ô ‡∏Ç‡∏≠‡∏á‡∏ó‡∏≠‡∏î ‡∏™‡∏•‡∏±‡∏î ‡∏Ç‡∏≠‡∏á‡∏´‡∏ß‡∏≤‡∏ô ‡πÑ‡∏≠‡∏ï‡∏¥‡∏°‡∏°‡∏µ‡πÄ‡∏°‡∏ô‡∏π‡πÉ‡∏´‡∏°‡πà‡πÜ‡πÄ‡∏¢‡∏≠‡∏∞‡∏°‡∏≤‡∏Å‡∏Ç‡∏∂‡πâ‡∏ô‡πÅ‡∏•‡∏∞‡πÄ‡∏ï‡∏¥‡∏°‡∏ï‡∏•‡∏≠‡∏î ‡∏¢‡∏≠‡∏î‡πÑ‡∏õ‡πÄ‡∏•‡∏¢

‡∏Ñ‡∏∏‡πâ‡∏°‡∏Ñ‡πà‡∏≤‡πÉ‡∏ô‡∏£‡∏≤‡∏Ñ‡∏≤3xx ‡∏ö‡∏≤‡∏ó  ‡πÅ‡∏ñ‡∏°‡∏°‡∏µ‡∏ö‡∏±‡∏ï‡∏£‡∏™‡∏°‡∏≤‡∏ä‡∏¥‡∏Å‡πÄ‡∏Ñ‡∏£‡∏∑‡∏≠‡πÇ‡∏≠‡∏≠‡∏¥‡∏ä‡∏¥‡∏•‡∏î‡∏≠‡∏µ‡∏Å ‡∏°‡∏±‡∏ô‡∏î‡∏µ‡∏ï‡∏£‡∏á‡∏ô‡∏µ‡πâ‡∏•‡∏∞‡∏Ñ‡πà‡∏≤^^ ",3,0.9985917806625366,"['‡∏î‡∏µ', '‡∏ó‡∏≤‡∏ô', '‡πÄ‡∏•‡∏∑‡∏≠‡∏Å', '‡∏≠‡∏≤‡∏´‡∏≤‡∏£', '‡πÄ‡∏ô‡∏∑‡πâ‡∏≠', '‡∏£‡∏≤‡∏Ñ‡∏≤', '‡∏ô‡πâ‡∏≥', '‡∏Ñ‡πà‡∏≤', '‡∏Ñ‡∏∏‡πâ‡∏°', '‡∏´‡∏ß‡∏≤‡∏ô']","['‡∏™‡∏≤‡∏¢', '‡∏´‡∏°‡πâ‡∏≠', '‡∏ï‡∏¥‡∏°', '‡∏´‡∏ô‡πâ‡∏≤', '‡∏Ñ‡πà‡∏≤', '3']"
‡∏Ç‡πâ‡∏≤‡∏ô‡πâ‡∏≠‡∏¢‡∏Ç‡∏≠‡∏ä‡∏≤‡∏ö‡∏π,"‡∏´‡∏•‡∏±‡∏á‡∏à‡∏≤‡∏Å‡∏ó‡∏µ‡πà‡πÄ‡∏Ñ‡∏¢‡∏•‡∏≠‡∏á‡∏™‡∏≤‡∏Ç‡∏≤‡∏¢‡∏π‡πÄ‡∏ô‡∏µ‡πà‡∏¢‡∏ô‡∏°‡∏≠‡∏•‡∏•‡πå‡πÑ‡∏õ ‡∏£‡∏≠‡∏ö‡∏ô‡∏µ‡πâ‡∏°‡∏≤‡∏ó‡∏µ‡πà‡∏™‡∏≤‡∏Ç‡∏≤‡πÄ‡∏î‡∏≠‡∏∞‡∏°‡∏≠‡∏•‡∏•‡πå‡∏ö‡∏≤‡∏á‡∏Å‡∏∞‡∏õ‡∏¥‡∏ä‡∏±‡πâ‡∏ô 4 ‡πÇ‡∏ã‡∏ô MCC HALL ‡∏î‡πâ‡∏≤‡∏ô‡πÉ‡∏ô‡∏™‡∏∏‡∏î‡∏ï‡∏¥‡∏î‡∏Å‡∏±‡∏ö‡∏û‡∏ß‡∏Å‡∏Ñ‡πà‡∏≤‡∏¢‡∏°‡∏ß‡∏¢ ‡∏ï‡∏≠‡∏ô‡πÅ‡∏£‡∏Å‡∏Å‡πá‡∏ô‡∏∂‡∏Å‡∏ß‡πà‡∏≤‡∏ä‡∏≤‡∏ö‡∏π 199 ‡∏ò‡∏£‡∏£‡∏°‡∏î‡∏≤ ‡πÅ‡∏ï‡πà‡∏ó‡∏µ‡πà‡πÑ‡∏´‡∏ô‡πÑ‡∏î‡πâ ‡∏°‡∏µ‡∏û‡∏¥‡∏ã‡∏ã‡πà‡∏≤‡∏à‡∏≤‡∏Å‡∏ô‡∏≤‡∏£‡∏≤‡∏¢‡∏û‡∏¥‡∏ã‡πÄ‡∏ã‡∏≠‡πÄ‡∏£‡∏µ‡∏¢‡∏î‡πâ‡∏ß‡∏¢

‡∏™‡∏≥‡∏´‡∏£‡∏±‡∏ö‡∏£‡∏≤‡∏Ñ‡∏≤ 199 ‡∏ö‡∏≤‡∏ó ‡∏à‡∏∞‡∏ó‡∏≤‡∏ô‡∏û‡∏ß‡∏Å‡∏´‡∏°‡∏π‡πÑ‡∏î‡πâ‡∏ó‡∏±‡πâ‡∏á‡∏´‡∏°‡∏î ‡∏£‡∏ß‡∏°‡∏ñ‡∏∂‡∏á‡∏û‡∏¥‡∏ã‡∏ã‡πà‡∏≤ ‡∏Ç‡∏≠‡∏á‡∏ó‡∏≠‡∏î ‡∏ã‡∏∏‡∏õ‡∏ï‡πà‡∏≤‡∏á‡πÜ ‡πÅ‡∏Å‡∏á‡πÄ‡∏Ç‡∏µ‡∏¢‡∏ß‡∏´‡∏ß‡∏≤‡∏ô ‡πÑ‡∏î‡πâ‡∏ô‡πâ‡∏≥‡∏ã‡∏∏‡∏õ 1 ‡∏£‡∏™‡∏ä‡∏≤‡∏ï‡∏¥

- ‡∏ñ‡πâ‡∏≤‡∏≠‡∏¢‡∏≤‡∏Å‡πÑ‡∏î‡πâ‡∏ô‡πâ‡∏≥‡∏ã‡∏∏‡∏õ‡πÄ‡∏û‡∏¥‡πà‡∏°‡πÄ‡∏õ‡πá‡∏ô 2 ‡∏£‡∏™‡∏ä‡∏≤‡∏ï‡∏¥ ‡∏à‡πà‡∏≤‡∏¢‡πÄ‡∏û‡∏¥‡πà‡∏°‡∏Ñ‡∏ô‡∏•‡∏∞ 40 ‡∏ö‡∏≤‡∏ó
- ‡∏ô‡πâ‡∏≥‡∏î‡∏∑‡πà‡∏°‡∏£‡∏µ‡∏ü‡∏µ‡∏• 39 ‡∏ö‡∏≤‡∏ó
- ‡∏™‡πà‡∏ß‡∏ô‡πÉ‡∏Ñ‡∏£‡∏≠‡∏¢‡∏≤‡∏Å‡∏ó‡∏≤‡∏ô‡πÄ‡∏ô‡∏∑‡πâ‡∏≠‡∏Å‡πá‡πÄ‡∏û‡∏¥‡πà‡∏°‡∏Ñ‡∏ô‡∏•‡∏∞ 49 ‡∏ö‡∏≤‡∏ó
- ‡∏ã‡∏π‡∏ä‡∏¥‡πÅ‡∏•‡∏∞‡∏Ç‡∏≠‡∏á‡∏´‡∏ß‡∏≤‡∏ô‡∏™‡∏±‡πà‡∏á‡πÄ‡∏û‡∏¥‡πà‡∏°‡πÇ‡∏î‡∏¢‡∏à‡πà‡∏≤‡∏¢‡∏£‡∏≤‡∏Ñ‡∏≤‡∏ï‡∏≤‡∏°‡πÄ‡∏°‡∏ô‡∏π

‡∏£‡∏ß‡∏°‡πÜ‡∏Å‡πá‡∏ñ‡∏∑‡∏≠‡∏ß‡πà‡∏≤‡∏≠‡∏¥‡πà‡∏°‡∏Ñ‡∏∏‡πâ‡∏°‡∏î‡∏µ‡∏ô‡∏∞ ‡∏ñ‡∏∂‡∏á‡πÄ‡∏ö‡∏Ñ‡πà‡∏≠‡∏ô‡∏à‡∏∞‡∏°‡∏±‡∏ô‡πÄ‡∏¢‡∏≠‡∏∞‡πÑ‡∏õ‡∏´‡∏ô‡πà‡∏≠‡∏¢ ‡∏ô‡πâ‡∏≥‡∏ã‡∏∏‡∏õ‡∏à‡∏∞‡πÑ‡∏°‡πà‡πÑ‡∏î‡πâ‡πÄ‡∏Ç‡πâ‡∏°‡∏Ç‡πâ‡∏ô‡∏°‡∏≤‡∏Å‡∏ô‡∏±‡∏Å ‡πÅ‡∏ï‡πà‡πÉ‡∏ô‡∏£‡∏≤‡∏Ñ‡∏≤‡∏ô‡∏µ‡πâ ‡∏°‡∏µ‡∏ï‡∏±‡∏ß‡πÄ‡∏•‡∏∑‡∏≠‡∏Å‡πÉ‡∏´‡πâ‡πÄ‡∏ó‡πà‡∏≤‡∏ô‡∏µ‡πâ ‡∏ß‡∏±‡∏ô‡πÑ‡∏´‡∏ô‡∏´‡∏¥‡∏ß‡∏°‡∏≤‡∏Å‡πÜ‡∏Å‡πá‡∏à‡∏∞‡πÅ‡∏ß‡∏∞‡πÑ‡∏õ‡πÉ‡∏´‡∏°‡πà‡πÅ‡∏ô‡πà‡∏ô‡∏≠‡∏ô",1,0.9985875487327576,"['‡∏Å‡∏¥‡∏ô', '‡∏î‡∏µ', '‡∏ô‡πâ‡∏≥', '‡∏≠‡∏≤‡∏´‡∏≤‡∏£', '‡∏Ñ‡∏ô', '‡πÄ‡∏ô‡∏∑‡πâ‡∏≠', '‡∏ó‡∏≤‡∏ô', '‡∏£‡∏≤‡∏Ñ‡∏≤', '‡∏ö‡∏≤‡∏ó', '‡∏™‡∏î']",['‡πÄ‡∏ß‡∏•‡∏≤']
‡∏Ç‡πâ‡∏≤‡∏ô‡πâ‡∏≠‡∏¢‡∏Ç‡∏≠‡∏ä‡∏≤‡∏ö‡∏π,‡∏£‡πâ‡∏≤‡∏ô‡∏ö‡∏∏‡∏ü‡πÄ‡∏ü‡πà‡∏ï‡πå‡∏ó‡∏µ‡πà‡∏°‡∏µ‡πÇ‡∏õ‡∏£‡πÇ‡∏°‡∏ä‡∏±‡πà‡∏ô‡∏´‡∏±‡∏ß‡∏•‡∏∞199‡∏ö‡∏≤‡∏ó ‡πÑ‡∏°‡πà‡∏£‡∏ß‡∏°‡∏ô‡πâ‡∏≥ ‡πÑ‡∏°‡πà‡∏£‡∏ß‡∏°VAT ‡πÑ‡∏õ‡∏ó‡∏≤‡∏ô‡∏ß‡∏±‡∏ô‡∏ò‡∏£‡∏£‡∏°‡∏î‡∏≤ ‡∏ä‡∏≠‡∏ö‡∏°‡∏≤‡∏Å‡πÄ‡∏û‡∏£‡∏≤‡∏∞‡πÑ‡∏î‡πâ‡πÄ‡∏ß‡∏•‡∏≤‡∏ó‡∏≤‡∏ô‡∏ï‡∏±‡πâ‡∏á2‡∏ä‡∏°. ‡πÄ‡∏ï‡πá‡∏°‡πÜ ‡∏°‡∏µ‡∏Ñ‡πà‡∏≤‡∏ô‡πâ‡∏≥‡∏ã‡∏∏‡∏õ ‡∏Ñ‡∏ô‡∏•‡∏∞10‡∏ö‡∏≤‡∏ó ‡∏°‡∏µ‡∏ô‡πâ‡∏≥‡∏ã‡∏∏‡∏õ‡πÄ‡∏•‡∏∑‡∏≠‡∏Å‡πÑ‡∏î‡πâ6‡πÅ‡∏ö‡∏ö ‡πÅ‡∏ï‡πà‡∏´‡∏°‡πâ‡∏≠‡πÅ‡∏ö‡πà‡∏á‡πÑ‡∏î‡πâ3‡∏ä‡πà‡∏≠‡∏á ‡∏ô‡πâ‡∏≥‡∏ã‡∏∂‡∏õ‡∏ï‡πâ‡∏°‡∏¢‡∏≥‡∏≠‡∏£‡πà‡∏≠‡∏¢‡∏î‡∏µ‡∏Ñ‡∏£‡∏±‡∏ö ‡πÅ‡∏ô‡∏∞‡∏ô‡∏≥‡πÉ‡∏´‡πâ‡πÄ‡∏•‡∏∑‡∏≠‡∏Å‡∏≠‡∏±‡∏ô‡∏ô‡∏µ‡πâ‡∏≠‡∏±‡∏ô‡∏ô‡∏∂‡∏á ‡πÉ‡∏ô‡∏ä‡∏∏‡∏î‡∏ö‡∏∏‡∏ü‡πÄ‡∏ü‡πà‡∏ï‡πå ‡πÑ‡∏°‡πà‡∏°‡∏µ‡∏ã‡∏µ‡∏ü‡∏π‡πâ‡∏î‡∏ô‡πà‡∏∞‡∏Ñ‡∏£‡∏±‡∏ö ‡πÅ‡∏ï‡πà‡∏≠‡∏≤‡∏´‡∏≤‡∏£‡∏Å‡πá‡∏°‡∏µ‡πÉ‡∏´‡πâ‡πÄ‡∏•‡∏∑‡∏≠‡∏Å‡πÄ‡∏¢‡∏≠‡∏∞‡∏ô‡πà‡∏∞‡∏Ñ‡∏£‡∏±‡∏ö ‡∏ó‡∏µ‡πà‡∏™‡∏≥‡∏Ñ‡∏±‡∏ç‡∏°‡∏µ‡∏û‡∏¥‡∏ã‡∏ã‡πà‡∏≤‡∏≠‡∏¢‡∏π‡πà‡πÉ‡∏ô‡∏ä‡∏∏‡∏î‡∏ö‡∏∏‡∏ü‡πÄ‡∏ü‡πà‡∏ï‡πå‡∏î‡πâ‡∏ß‡∏¢ ‡∏Ç‡∏≠‡∏á‡∏ô‡∏≤‡∏£‡∏≤‡∏¢‡∏û‡∏¥‡∏ã‡πÄ‡∏ã‡∏≠‡πÄ‡∏£‡∏µ‡∏¢ ‡∏£‡∏±‡∏ö‡∏õ‡∏£‡∏∞‡∏Å‡∏±‡∏ô‡∏Ñ‡∏ß‡∏≤‡∏°‡∏≠‡∏£‡πà‡∏≠‡∏¢ ‡∏ô‡∏≠‡∏Å‡∏à‡∏≤‡∏Å‡∏ô‡∏µ‡πâ‡∏ó‡∏∏‡∏Å‡∏™‡∏±‡∏õ‡∏î‡∏≤‡∏´‡πå‡∏´‡∏•‡∏±‡∏á‡∏ß‡∏±‡∏ô‡∏´‡∏ß‡∏¢‡∏≠‡∏≠‡∏Å ‡πÄ‡∏≠‡∏≤‡∏•‡∏≠‡∏ï‡πÄ‡∏ï‡∏≠‡∏£‡∏µ‡πà‡∏ó‡∏µ‡πà‡∏ñ‡∏π‡∏Å‡∏´‡∏ß‡∏¢‡∏Å‡∏¥‡∏ô ‡∏°‡∏≤‡πÅ‡∏•‡∏Å‡∏Æ‡∏±‡∏ô‡∏ô‡∏µ‡πà‡πÇ‡∏ó‡∏™‡∏ü‡∏£‡∏µ‡∏ô‡πà‡∏∞‡∏Ñ‡∏£‡∏±‡∏ö ‡πÅ‡∏ô‡∏∞‡∏ô‡∏≥‡πÉ‡∏´‡πâ‡∏°‡∏≤‡∏ó‡∏≤‡∏ô‡πÄ‡∏•‡∏¢‡∏à‡πâ‡∏≤ ‡∏ö‡∏∏‡∏ü‡πÄ‡∏ü‡πà‡∏ï‡πå‡∏£‡πâ‡∏≤‡∏ô‡∏ô‡∏µ‡πâ ‡∏Å‡∏≥‡πÄ‡∏á‡∏¥‡∏ô‡∏°‡∏≤‡∏Ñ‡∏ô‡∏•‡∏∞300 ‡∏°‡∏µ‡∏ó‡∏≠‡∏ô‡πÅ‡∏ô‡πà‡∏ô‡∏≠‡∏ô‡∏Ñ‡∏£‡∏±‡∏ö,1,0.9982967972755432,"['‡∏Å‡∏¥‡∏ô', '‡∏î‡∏µ', '‡∏ô‡πâ‡∏≥', '‡∏≠‡∏≤‡∏´‡∏≤‡∏£', '‡∏Ñ‡∏ô', '‡πÄ‡∏ô‡∏∑‡πâ‡∏≠', '‡∏ó‡∏≤‡∏ô', '‡∏£‡∏≤‡∏Ñ‡∏≤', '‡∏ö‡∏≤‡∏ó', '‡∏™‡∏î']",['‡πÄ‡∏ß‡∏•‡∏≤']
‡∏Ç‡πâ‡∏≤‡∏ô‡πâ‡∏≠‡∏¢‡∏Ç‡∏≠‡∏ä‡∏≤‡∏ö‡∏π,"‡πÄ‡∏Ñ‡∏¢‡∏£‡∏π‡πâ‡∏à‡∏±‡∏Å‡∏£‡πâ‡∏≤‡∏ô‡∏ô‡∏µ‡πâ‡∏à‡∏≤‡∏Å‡∏ó‡∏µ‡πà union mall ‡πÑ‡∏°‡πà‡πÄ‡∏Ñ‡∏¢‡πÑ‡∏î‡πâ‡∏•‡∏≠‡∏á‡∏Å‡∏¥‡∏ô ‡πÅ‡∏ï‡πà‡∏à‡∏≥‡πÑ‡∏î‡πâ‡∏Ç‡∏∂‡πâ‡∏ô‡πÉ‡∏à‡∏à‡∏≤‡∏Å‡∏ä‡∏∑‡πà‡∏≠‡∏£‡πâ‡∏≤‡∏ô üòÜ 

‡∏à‡∏≤‡∏Å‡∏ä‡∏∑‡πà‡∏≠‡∏Å‡πá‡∏ö‡∏≠‡∏Å‡∏≠‡∏¢‡∏π‡πà‡πÅ‡∏•‡πâ‡∏ß‡∏ß‡πà‡∏≤‡πÄ‡∏õ‡πá‡∏ô‡∏£‡πâ‡∏≤‡∏ô ""‡∏ä‡∏≤‡∏ö‡∏π"" ‡πÅ‡∏ï‡πà‡πÄ‡∏ô‡∏∑‡πà‡∏≠‡∏á‡∏à‡∏≤‡∏Å‡πÄ‡∏õ‡πá‡∏ô‡∏Ç‡∏≠‡∏á Narai pizzeria ‡πÉ‡∏ô‡πÑ‡∏•‡∏ô‡πå‡∏≠‡∏≤‡∏´‡∏≤‡∏£‡∏à‡∏∂‡∏á‡∏°‡∏µ pizza ‡∏î‡πâ‡∏ß‡∏¢‡∏ã‡∏∞‡πÄ‡∏•‡∏¢ ‡∏¢‡∏±‡∏á‡∏°‡∏µ ‡∏™‡∏õ‡∏≤‡πÄ‡∏Å‡∏ï‡∏ï‡∏µ‡πâ ‡πÑ‡∏Å‡πà‡∏ô‡∏¥‡∏ß‡∏≠‡∏≠‡∏•‡∏µ‡∏ô

‡∏≠‡∏≤‡∏´‡∏≤‡∏£‡∏õ‡∏£‡∏∏‡∏á‡∏™‡∏∏‡∏Å‡∏Å‡πá‡∏°‡∏µ‡∏≠‡∏¢‡πà‡∏≤‡∏á‡∏≠‡∏∑‡πà‡∏ô‡∏≠‡∏µ‡∏Å‡∏ô‡∏¥‡∏î‡∏´‡∏ô‡πà‡∏≠‡∏¢ ‡∏ó‡∏µ‡πà‡∏£‡∏π‡πâ‡∏™‡∏∂‡∏Å‡∏ß‡πà‡∏≤‡∏≠‡∏£‡πà‡∏≠‡∏¢‡πÄ‡∏•‡∏¢‡∏Ñ‡∏∑‡∏≠ ‡∏Ç‡πâ‡∏≤‡∏ß‡∏°‡∏±‡∏ô‡πÑ‡∏Å‡πà ü§£ ‡∏ï‡∏±‡∏î‡∏Å‡∏≥‡∏•‡∏±‡∏á‡∏à‡∏£‡∏¥‡∏á‡πÜ 

‡∏û‡∏ß‡∏Å‡∏Ç‡∏≠‡∏á‡∏™‡∏î‡∏Å‡πá‡∏´‡∏•‡∏≤‡∏Å‡∏´‡∏•‡∏≤‡∏¢ ‡∏ö‡∏≤‡∏á‡∏™‡πà‡∏ß‡∏ô‡∏≠‡∏¢‡∏π‡πà‡πÉ‡∏ô‡∏ï‡∏π‡πâ‡πÉ‡∏´‡πâ‡∏´‡∏¢‡∏¥‡∏ö ‡∏ö‡∏≤‡∏á‡∏™‡πà‡∏ß‡∏ô‡∏Å‡πá‡πÉ‡∏ä‡πâ‡πÄ‡∏Ç‡∏µ‡∏¢‡∏ô‡∏™‡∏±‡πà‡∏á‡πÄ‡∏≠‡∏≤ ‡∏Ñ‡∏∏‡∏ì‡∏†‡∏≤‡∏û‡∏Å‡πá‡πÄ‡∏´‡∏°‡∏≤‡∏∞‡∏™‡∏°‡∏ï‡∏≤‡∏°‡∏£‡∏≤‡∏Ñ‡∏≤

‡∏ö‡∏£‡∏¥‡∏Å‡∏≤‡∏£‡∏Ñ‡πà‡∏≠‡∏ô‡∏Ç‡πâ‡∏≤‡∏á‡∏î‡∏µ ‡∏û‡∏ô‡∏±‡∏Å‡∏á‡∏≤‡∏ô‡∏Ç‡∏¢‡∏±‡∏ô",2,0.9968917369842529,"['‡πÄ‡∏ô‡∏∑‡πâ‡∏≠', '‡∏ô‡πâ‡∏≥', '‡∏≠‡∏£‡πà‡∏≠‡∏¢', '‡∏ó‡∏≤‡∏ô', '‡πÄ‡∏•‡∏∑‡∏≠‡∏Å', '', '‡∏î‡∏µ', '‡∏£‡∏≤‡∏Ñ‡∏≤', '‡∏≠‡∏≤‡∏´‡∏≤‡∏£', '‡∏´‡∏ß‡∏≤‡∏ô']","['', '‡∏´‡∏°‡∏π', '‡πÑ‡∏Å‡πà', '‡∏•‡∏≠‡∏á']"
‡∏Ç‡πâ‡∏≤‡∏ô‡πâ‡∏≠‡∏¢‡∏Ç‡∏≠‡∏ä‡∏≤‡∏ö‡∏π,‡∏≠‡∏£‡πà‡∏≠‡∏¢‡∏°‡∏≤‡∏Å‡∏Ñ‡πà‡∏∞ ‡∏Ñ‡∏∏‡πâ‡∏°‡∏Ñ‡πà‡∏≤‡∏™‡∏°‡∏£‡∏≤‡∏Ñ‡∏≤ ‡∏ö‡∏∏‡∏ü‡πÄ‡∏ü‡πà‡∏´‡∏°‡∏π‡∏ú‡∏±‡∏Å‡∏ï‡πà‡∏≤‡∏á‡πÜ ‡∏£‡∏ß‡∏°‡∏ô‡πâ‡∏≥‡∏î‡πâ‡∏ß‡∏¢‡∏à‡∏ö‡∏ó‡∏µ‡πà 255 /‡∏ó‡πà‡∏≤‡∏ô ‡πÄ‡∏î‡πá‡∏î‡πÜ‡∏Ñ‡∏∑‡∏≠‡∏°‡∏µ‡∏û‡∏¥‡∏ã‡∏ã‡πà‡∏≤‡∏ö‡∏∏‡∏û‡πÄ‡∏ü‡πà ‡∏î‡∏µ‡πÄ‡∏£‡∏¥‡∏™‡∏°‡∏≤‡∏Å‡πÜ ‡∏£‡∏™‡∏ä‡∏≤‡∏ï‡πÑ‡∏°‡πà‡∏Å‡∏≤‡πÑ‡∏Å‡πà‡πÄ‡∏£‡∏¢‡∏ô‡∏∞ ‡∏Ñ‡∏∑‡∏≠‡∏á‡∏≤‡∏ô‡∏î‡∏µ‡πÄ‡πÄ‡∏õ‡πâ‡∏á‡∏ô‡∏∏‡πà‡∏°‡∏´‡∏≠‡∏°‡∏°‡∏≤‡∏Å‡πÜ  ‡∏ï‡∏ö‡∏ó‡πâ‡∏≤‡∏¢‡∏î‡πâ‡∏ß‡∏¢‡∏Ç‡∏≠‡∏á‡∏´‡∏ß‡∏≤‡∏ô‡∏≠‡∏£‡πà‡∏≠‡∏¢ ‡πÇ‡∏ä‡∏Ñ‡∏î‡∏µ‡∏°‡∏≤‡∏Å‡πÜ‡πÑ‡∏õ‡∏ä‡πà‡∏ß‡∏á‡πÇ‡∏õ‡∏£‡πÇ‡∏°‡∏ä‡∏±‡πà‡∏ô‡∏Ç‡∏≠‡∏á‡∏´‡∏ß‡∏≤‡∏ô‡∏£‡∏≤‡∏Ñ‡∏≤ 29 ‡∏à‡∏≤‡∏Å 128 ‡∏Ñ‡∏∑‡∏≠ ‡πÄ‡∏ã‡∏ï‡πÑ‡∏≠‡∏ï‡∏¥‡∏°+‡∏ö‡∏£‡∏≤‡∏ß‡∏ô‡∏µ‡πà+‡∏ß‡∏¥‡∏õ‡∏Ñ‡∏£‡∏µ‡∏° ‡∏≠‡∏£‡πà‡∏≠‡∏¢‡∏¢‡∏°‡∏≤‡∏Å‡∏Å‡∏Å ‡∏ö‡∏∏‡∏ü‡πÄ‡∏ü‡πà‡∏à‡∏∏‡∏Å‡πÜ‡∏õ‡∏¥‡∏î‡∏ó‡πâ‡∏≤‡∏¢‡∏Ç‡∏≠‡∏á‡∏´‡∏ß‡∏≤‡∏ô‡πÄ‡πÄ‡∏ö‡∏ö‡∏™‡∏ß‡∏¢‡πÜ,4,0.9973406195640564,"['‡∏î‡∏µ', '‡πÄ‡∏ô‡∏∑‡πâ‡∏≠', '‡∏ó‡∏≤‡∏ô', '‡∏≠‡∏£‡πà‡∏≠‡∏¢', '‡∏™‡∏≤‡∏Ç‡∏≤', '‡∏ô‡πâ‡∏≥', '‡πÄ‡∏•‡∏∑‡∏≠‡∏Å', '‡∏£‡∏≤‡∏Ñ‡∏≤', '‡∏≠‡∏≤‡∏´‡∏≤‡∏£', '‡∏´‡∏ß‡∏≤‡∏ô']","['‡∏ä‡∏≤‡∏ö‡∏π', '‡∏ö‡∏£‡∏¥‡∏Å‡∏≤‡∏£', '‡∏Ñ‡∏∏‡∏ì‡∏†‡∏≤‡∏û', '‡∏û‡∏ô‡∏±‡∏Å‡∏á‡∏≤‡∏ô', '‡∏ô‡∏∂‡∏Å', '‡∏ô‡∏±‡πà‡∏á']"
‡∏Ç‡πâ‡∏≤‡∏ô‡πâ‡∏≠‡∏¢‡∏Ç‡∏≠‡∏ä‡∏≤‡∏ö‡∏π,"‡∏Å‡πá‡∏ï‡∏≤‡∏°‡∏ó‡∏µ‡πà‡πÄ‡∏Ç‡∏µ‡∏¢‡∏ô‡πÄ‡∏•‡∏¢‡∏Ñ‡∏£‡∏±‡∏ö ‡∏ß‡πà‡∏≤ ‡∏ñ‡πâ‡∏≤‡∏à‡∏∞‡∏à‡πà‡∏≤‡∏¢‡πÉ‡∏ô‡∏£‡∏≤‡∏Ñ‡∏≤ 199 ‡∏ö‡∏≤‡∏ó ‡∏Ñ‡∏∏‡∏ì‡∏ï‡πâ‡∏≠‡∏á‡∏à‡πà‡∏≤‡∏¢‡∏î‡πâ‡∏ß‡∏¢‡πÄ‡∏á‡∏¥‡∏ô‡∏™‡∏î‡∏ô‡∏∞‡∏Ñ‡∏£‡∏±‡∏ö ‡πÅ‡∏•‡∏∞‡∏£‡∏≤‡∏Ñ‡∏≤‡∏ô‡∏µ‡πâ ‡∏¢‡∏±‡∏á‡πÑ‡∏°‡πà‡∏£‡∏ß‡∏°‡∏ô‡πâ‡∏≥ ‡πÅ‡∏•‡∏∞ VAT 7% ‡∏£‡∏ß‡∏°‡∏ñ‡∏∂‡∏á‡∏≠‡∏¢‡πà‡∏≤‡∏á‡∏≠‡∏∑‡πà‡∏ô‡πÜ ‡∏ó‡∏µ‡πà‡∏Ñ‡∏∏‡∏ì‡∏™‡∏±‡πà‡∏á‡πÄ‡∏û‡∏¥‡πà‡∏°‡πÑ‡∏î‡πâ ‡πÄ‡∏ä‡πà‡∏ô ‡πÄ‡∏ô‡∏∑‡πâ‡∏≠‡∏ß‡∏±‡∏ß,‡∏ã‡∏π‡∏ä‡∏¥,‡∏Ç‡∏≠‡∏á‡∏´‡∏ß‡∏≤‡∏ô ‡πÄ‡∏õ‡πá‡∏ô‡∏ï‡πâ‡∏ô
‡πÅ‡∏°‡πâ‡∏à‡∏∞‡∏î‡∏π‡πÅ‡∏õ‡∏•‡∏Å‡∏´‡∏ô‡πà‡∏≠‡∏¢ ‡πÅ‡∏ï‡πà‡∏Å‡πá‡∏ñ‡∏∑‡∏≠‡∏ß‡πà‡∏≤‡πÇ‡∏≠‡πÄ‡∏Ñ‡∏°‡∏≤‡∏Å ‡πÅ‡∏°‡πâ‡∏ã‡∏π‡∏ä‡∏¥‡∏ï‡πâ‡∏≠‡∏á‡∏™‡∏±‡πà‡∏á‡πÄ‡∏û‡∏¥‡πà‡∏° ‡πÅ‡∏ï‡πà‡∏Å‡πá‡∏°‡∏µ‡∏≠‡∏≤‡∏´‡∏≤‡∏£‡∏≠‡∏∑‡πà‡∏ô‡πÜ ‡∏ó‡∏î‡πÅ‡∏ó‡∏ô ‡πÇ‡∏î‡∏¢‡πÄ‡∏â‡∏û‡∏≤‡∏∞‡∏û‡∏¥‡∏ã‡∏ã‡πà‡∏≤ ‡∏ó‡∏µ‡πà‡πÑ‡∏î‡πâ‡∏•‡∏≠‡∏á‡∏ó‡∏±‡πâ‡∏á 3 ‡∏´‡∏ô‡πâ‡∏≤ ‡∏≠‡∏£‡πà‡∏≠‡∏¢‡∏°‡∏≤‡∏Å ‡πÅ‡∏•‡∏∞‡∏ñ‡πâ‡∏≤‡∏Å‡∏¥‡∏ô‡∏ï‡∏≠‡∏ô‡∏ô‡∏≥‡∏Ç‡∏≠‡∏á‡∏°‡∏≤‡∏•‡∏á‡∏™‡∏î‡πÜ ‡∏£‡πâ‡∏≠‡∏ô‡πÜ ‡∏à‡∏∞‡∏≠‡∏£‡πà‡∏≠‡∏¢‡∏Å‡∏ß‡πà‡∏≤‡∏õ‡∏£‡∏Å‡∏ï‡∏¥‡∏Ñ‡∏£‡∏±‡∏ö",2,0.9968081116676331,"['‡πÄ‡∏ô‡∏∑‡πâ‡∏≠', '‡∏ô‡πâ‡∏≥', '‡∏≠‡∏£‡πà‡∏≠‡∏¢', '‡∏ó‡∏≤‡∏ô', '‡πÄ‡∏•‡∏∑‡∏≠‡∏Å', '', '‡∏î‡∏µ', '‡∏£‡∏≤‡∏Ñ‡∏≤', '‡∏≠‡∏≤‡∏´‡∏≤‡∏£', '‡∏´‡∏ß‡∏≤‡∏ô']","['', '‡∏´‡∏°‡∏π', '‡πÑ‡∏Å‡πà', '‡∏•‡∏≠‡∏á']"
